"date","actual","logit_prob","rf_prob","xgb_prob","train_end_date","risk_score","risk_regime"
2022-09-08,1,0.278663996863765,0.71,0.745748698711395,2022-09-07,0.71,"High"
2022-09-09,1,0.117194702504898,0.36,0.432082563638687,2022-09-07,0.36,"Medium"
2022-09-12,1,0.0651094690427668,0.166666666666667,0.292338520288467,2022-09-07,0.166666666666667,"Low"
2022-09-13,1,0.0331860617831857,0.333333333333333,0.158586159348488,2022-09-07,0.333333333333333,"Medium"
2022-09-14,1,0.030780046228763,0.213333333333333,0.164995223283768,2022-09-07,0.213333333333333,"Low"
2022-09-15,1,0.03626253576704,0.24,0.18075242638588,2022-09-07,0.24,"Low"
2022-09-16,0,0.0222194856483394,0.253333333333333,0.321150630712509,2022-09-07,0.253333333333333,"Low"
2022-09-19,1,0.0113581216542033,0.236666666666667,0.229441225528717,2022-09-07,0.236666666666667,"Low"
2022-09-20,0,0.0368795487417675,0.26,0.321150630712509,2022-09-07,0.26,"Low"
2022-09-21,0,0.0252777317502011,0.28,0.304952651262283,2022-09-07,0.28,"Low"
2022-09-22,0,0.0548373944996737,0.5,0.31048384308815,2022-09-07,0.5,"Medium"
2022-09-23,0,0.102661538165511,0.29,0.429981619119644,2022-09-07,0.29,"Low"
2022-09-26,0,0.0809560035026663,0.266666666666667,0.495833963155746,2022-09-07,0.266666666666667,"Low"
2022-09-27,0,0.0429338765489372,0.26,0.435444474220276,2022-09-07,0.26,"Low"
2022-09-28,0,0.0150664004885565,0.34,0.371380358934402,2022-09-07,0.34,"Medium"
2022-09-29,0,0.028567005373556,0.296666666666667,0.524703741073608,2022-09-07,0.296666666666667,"Low"
2022-09-30,0,0.0432535245741239,0.263333333333333,0.526452779769897,2022-09-07,0.263333333333333,"Low"
2022-10-03,0,0.0237238175098623,0.43,0.47268870472908,2022-09-07,0.43,"Medium"
2022-10-04,0,0.0337375904123881,0.523333333333333,0.187594220042229,2022-09-07,0.523333333333333,"Medium"
2022-10-05,0,0.0691407329799155,0.32,0.23713980615139,2022-09-07,0.32,"Low"
2022-10-06,0,0.0405022297398758,0.25,0.23713980615139,2022-09-07,0.25,"Low"
2022-10-07,0,0.0346492468335162,0.223333333333333,0.246714040637016,2022-09-07,0.223333333333333,"Low"
2022-10-10,0,0.0239930277932381,0.2,0.238411098718643,2022-09-07,0.2,"Low"
2022-10-11,0,0.00960623572310902,0.196666666666667,0.243296101689339,2022-09-07,0.196666666666667,"Low"
2022-10-12,0,0.00825406060153943,0.13,0.232630535960197,2022-09-07,0.13,"Low"
2022-10-13,0,0.0141493680145653,0.37,0.260728389024734,2022-09-07,0.37,"Medium"
2022-10-14,0,0.014115810671069,0.223333333333333,0.242606833577156,2022-09-07,0.223333333333333,"Low"
2022-10-17,0,0.0263617108426186,0.4,0.352887779474258,2022-09-07,0.4,"Medium"
2022-10-18,0,0.0195761323736049,0.206666666666667,0.255986213684082,2022-09-07,0.206666666666667,"Low"
2022-10-19,0,0.0475618432577911,0.283333333333333,0.24452830851078,2022-09-07,0.283333333333333,"Low"
2022-10-20,0,0.0388573567349658,0.21,0.233788281679153,2022-09-07,0.21,"Low"
2022-10-21,0,0.0403729331731468,0.436666666666667,0.250121682882309,2022-09-07,0.436666666666667,"Medium"
2022-10-24,0,0.041045037791085,0.356666666666667,0.256583660840988,2022-09-07,0.356666666666667,"Medium"
2022-10-25,0,0.0519381089364065,0.343333333333333,0.273347675800323,2022-09-07,0.343333333333333,"Medium"
2022-10-26,0,0.0682624902891095,0.166666666666667,0.269783228635788,2022-09-07,0.166666666666667,"Low"
2022-10-27,0,0.0877302417875956,0.176666666666667,0.262396037578583,2022-09-07,0.176666666666667,"Low"
2022-10-28,0,0.207578805876784,0.246666666666667,0.365746974945068,2022-09-07,0.246666666666667,"Low"
2022-10-31,0,0.193101538911325,0.156666666666667,0.200602054595947,2022-09-07,0.156666666666667,"Low"
2022-11-01,0,0.135455486968438,0.103333333333333,0.201081827282906,2022-09-07,0.103333333333333,"Low"
2022-11-02,0,0.121587630319365,0.19,0.0760200172662735,2022-09-07,0.19,"Low"
2022-11-03,0,0.113971063490792,0.12,0.0682118237018585,2022-09-07,0.12,"Low"
2022-11-04,0,0.145681052078879,0.136666666666667,0.0543082803487778,2022-09-07,0.136666666666667,"Low"
2022-11-07,0,0.214075462500927,0.163333333333333,0.252787381410599,2022-09-07,0.163333333333333,"Low"
2022-11-08,0,0.285443256470821,0.09,0.0430752784013748,2022-09-07,0.09,"Low"
2022-11-09,0,0.422404652632363,0.206666666666667,0.0762835741043091,2022-09-07,0.206666666666667,"Low"
2022-11-10,0,0.565720314148607,0.346666666666667,0.422452628612518,2022-09-07,0.346666666666667,"Medium"
2022-11-11,0,0.607232824661839,0.183333333333333,0.335614919662476,2022-09-07,0.183333333333333,"Low"
2022-11-14,0,0.708843157200101,0.176666666666667,0.250479757785797,2022-09-07,0.176666666666667,"Low"
2022-11-15,0,0.549530103875705,0.143333333333333,0.250814527273178,2022-09-07,0.143333333333333,"Low"
2022-11-16,0,0.525425780706364,0.17,0.255529075860977,2022-09-07,0.17,"Low"
2022-11-17,0,0.655428848069151,0.193333333333333,0.247096553444862,2022-09-07,0.193333333333333,"Low"
2022-11-18,0,0.598435421744436,0.223333333333333,0.202121958136559,2022-09-07,0.223333333333333,"Low"
2022-11-21,0,0.426753791991532,0.236666666666667,0.196908041834831,2022-09-07,0.236666666666667,"Low"
2022-11-22,0,0.414168521290483,0.156666666666667,0.140195339918137,2022-09-07,0.156666666666667,"Low"
2022-11-23,0,0.427642070054882,0.16,0.171073213219643,2022-09-07,0.16,"Low"
2022-11-25,0,0.37050535772871,0.0866666666666667,0.0756218805909157,2022-09-07,0.0866666666666667,"Low"
2022-11-28,0,0.446621124568218,0.316666666666667,0.17718431353569,2022-09-07,0.316666666666667,"Low"
2022-11-29,0,0.234703590458644,0.14,0.0869218781590462,2022-09-07,0.14,"Low"
2022-11-30,0,0.284592027732141,0.28,0.128988102078438,2022-09-07,0.28,"Low"
2022-12-01,0,0.21660284041758,0.116666666666667,0.0562453679740429,2022-09-07,0.116666666666667,"Low"
2022-12-02,0,0.281266425458279,0.0966666666666667,0.0782782360911369,2022-09-07,0.0966666666666667,"Low"
2022-12-05,0,0.506701335385066,0.263333333333333,0.0785409137606621,2022-09-07,0.263333333333333,"Low"
2022-12-06,0,0.434964821532896,0.226666666666667,0.0947225242853165,2022-09-07,0.226666666666667,"Low"
2022-12-07,0,0.281349100831447,0.15,0.115968748927116,2022-12-06,0.15,"Low"
2022-12-08,0,0.433009072362607,0.0933333333333333,0.134164527058601,2022-12-06,0.0933333333333333,"Low"
2022-12-09,0,0.602509771043437,0.246666666666667,0.15851566195488,2022-12-06,0.246666666666667,"Low"
2022-12-12,0,0.176340326302029,0.206666666666667,0.101003378629684,2022-12-06,0.206666666666667,"Low"
2022-12-13,0,0.112158723776669,0.12,0.0411645844578743,2022-12-06,0.12,"Low"
2022-12-14,0,0.1204152163875,0.176666666666667,0.0900215804576874,2022-12-06,0.176666666666667,"Low"
2022-12-15,0,0.145014267319843,0.353333333333333,0.114568293094635,2022-12-06,0.353333333333333,"Medium"
2022-12-16,0,0.176127681277102,0.38,0.117028295993805,2022-12-06,0.38,"Medium"
2022-12-19,0,0.180332498744647,0.39,0.125501438975334,2022-12-06,0.39,"Medium"
2022-12-20,0,0.122798210250388,0.41,0.0893577858805656,2022-12-06,0.41,"Medium"
2022-12-21,0,0.0960675347771879,0.33,0.115303330123425,2022-12-06,0.33,"Low"
2022-12-22,0,0.0759302115613852,0.39,0.123915947973728,2022-12-06,0.39,"Medium"
2022-12-23,0,0.058407061285072,0.426666666666667,0.25225305557251,2022-12-06,0.426666666666667,"Medium"
2022-12-27,0,0.0505671513250649,0.406666666666667,0.242424070835114,2022-12-06,0.406666666666667,"Medium"
2022-12-28,0,0.0772918525895204,0.396666666666667,0.138401836156845,2022-12-06,0.396666666666667,"Medium"
2022-12-29,0,0.0436896745238892,0.46,0.371509552001953,2022-12-06,0.46,"Medium"
2022-12-30,0,0.023182272175251,0.476666666666667,0.317992269992828,2022-12-06,0.476666666666667,"Medium"
2023-01-03,0,0.0216585116297649,0.47,0.322047650814056,2022-12-06,0.47,"Medium"
2023-01-04,0,0.0331754956092617,0.563333333333333,0.368274182081223,2022-12-06,0.563333333333333,"Medium"
2023-01-05,0,0.0467841925115742,0.613333333333333,0.438613563776016,2022-12-06,0.613333333333333,"Medium"
2023-01-06,0,0.0301591150208697,0.383333333333333,0.257778018712997,2022-12-06,0.383333333333333,"Medium"
2023-01-09,0,0.0267164433151605,0.396666666666667,0.324771255254745,2022-12-06,0.396666666666667,"Medium"
2023-01-10,0,0.0215094999107533,0.323333333333333,0.224156096577644,2022-12-06,0.323333333333333,"Low"
2023-01-11,0,0.015511327214659,0.306666666666667,0.293904483318329,2022-12-06,0.306666666666667,"Low"
2023-01-12,0,0.00619198995958102,0.303333333333333,0.220774322748184,2022-12-06,0.303333333333333,"Low"
2023-01-13,0,0.0143332694723313,0.386666666666667,0.262629479169846,2022-12-06,0.386666666666667,"Medium"
2023-01-17,0,0.0130055054394737,0.263333333333333,0.211834371089935,2022-12-06,0.263333333333333,"Low"
2023-01-18,0,0.016754348612657,0.243333333333333,0.215609490871429,2022-12-06,0.243333333333333,"Low"
2023-01-19,0,0.026737580980548,0.183333333333333,0.197482347488403,2022-12-06,0.183333333333333,"Low"
2023-01-20,0,0.0382498604910367,0.26,0.224343463778496,2022-12-06,0.26,"Low"
2023-01-23,0,0.0271594534153644,0.313333333333333,0.321610152721405,2022-12-06,0.313333333333333,"Low"
2023-01-24,0,0.0219996859622348,0.17,0.304240554571152,2022-12-06,0.17,"Low"
2023-01-25,0,0.0358213580770125,0.143333333333333,0.184384003281593,2022-12-06,0.143333333333333,"Low"
2023-01-26,0,0.0657231247433574,0.176666666666667,0.184784308075905,2022-12-06,0.176666666666667,"Low"
2023-01-27,0,0.0522110008505427,0.176666666666667,0.162733152508736,2022-12-06,0.176666666666667,"Low"
2023-01-30,0,0.0564930204598178,0.236666666666667,0.186853215098381,2022-12-06,0.236666666666667,"Low"
2023-01-31,0,0.0576891160574995,0.18,0.200191259384155,2022-12-06,0.18,"Low"
2023-02-01,0,0.0510178078422283,0.196666666666667,0.171088993549347,2022-12-06,0.196666666666667,"Low"
2023-02-02,0,0.0975810071280619,0.36,0.214405849575996,2022-12-06,0.36,"Medium"
2023-02-03,0,0.0654815475453236,0.256666666666667,0.105700388550758,2022-12-06,0.256666666666667,"Low"
2023-02-06,0,0.0591589919520327,0.21,0.104260854423046,2022-12-06,0.21,"Low"
2023-02-07,0,0.0560679299104518,0.12,0.088082455098629,2022-12-06,0.12,"Low"
2023-02-08,0,0.0569393670849993,0.18,0.110626846551895,2022-12-06,0.18,"Low"
2023-02-09,0,0.0909320243407578,0.0466666666666667,0.0903721302747726,2022-12-06,0.0466666666666667,"Low"
2023-02-10,0,0.0499406167929994,0.1,0.0927969738841057,2022-12-06,0.1,"Low"
2023-02-13,0,0.139264184319062,0.04,0.0952345207333565,2022-12-06,0.04,"Low"
2023-02-14,0,0.16896532179775,0.0233333333333333,0.0765485465526581,2022-12-06,0.0233333333333333,"Low"
2023-02-15,0,0.177159141114555,0.0466666666666667,0.080072671175003,2022-12-06,0.0466666666666667,"Low"
2023-02-16,0,0.229910674799685,0.04,0.0927225947380066,2022-12-06,0.04,"Low"
2023-02-17,0,0.172836709717547,0.0933333333333333,0.101899951696396,2022-12-06,0.0933333333333333,"Low"
2023-02-21,0,0.262522250890758,0.0566666666666667,0.0828459337353706,2022-12-06,0.0566666666666667,"Low"
2023-02-22,0,0.163947188986957,0.0133333333333333,0.0815281122922897,2022-12-06,0.0133333333333333,"Low"
2023-02-23,0,0.150976348510188,0.04,0.0860659256577492,2022-12-06,0.04,"Low"
2023-02-24,0,0.250394531327924,0.0466666666666667,0.0872866809368134,2022-12-06,0.0466666666666667,"Low"
2023-02-27,0,0.189120889299,0.0533333333333333,0.0888843759894371,2022-12-06,0.0533333333333333,"Low"
2023-02-28,0,0.174508667230277,0.0466666666666667,0.0880775526165962,2022-12-06,0.0466666666666667,"Low"
2023-03-01,0,0.177019614245859,0.0433333333333333,0.0592922866344452,2022-12-06,0.0433333333333333,"Low"
2023-03-02,0,0.150201816745326,0.03,0.0509950928390026,2022-12-06,0.03,"Low"
2023-03-03,0,0.147155117114897,0.1,0.0696379765868187,2022-12-06,0.1,"Low"
2023-03-06,0,0.185708407961674,0.0433333333333333,0.0543329939246178,2022-12-06,0.0433333333333333,"Low"
2023-03-07,0,0.181291563378016,0.133333333333333,0.0707650482654572,2022-12-06,0.133333333333333,"Low"
2023-03-08,0,0.143998429706949,0.0366666666666667,0.0578492842614651,2022-12-06,0.0366666666666667,"Low"
2023-03-09,0,0.125427663895086,0.03,0.0519118681550026,2022-12-06,0.03,"Low"
2023-03-10,0,0.0894652571481383,0.04,0.110956527292728,2023-03-09,0.04,"Low"
2023-03-13,0,0.130348200888052,0.03,0.0700551867485046,2023-03-09,0.03,"Low"
2023-03-14,0,0.130072007186196,0.0333333333333333,0.0689545720815659,2023-03-09,0.0333333333333333,"Low"
2023-03-15,0,0.110627090593699,0.0766666666666667,0.147893369197845,2023-03-09,0.0766666666666667,"Low"
2023-03-16,0,0.117702298365834,0.0466666666666667,0.0666405260562897,2023-03-09,0.0466666666666667,"Low"
2023-03-17,0,0.0929533890833103,0.0933333333333333,0.126918539404869,2023-03-09,0.0933333333333333,"Low"
2023-03-20,0,0.0726875546983728,0.0166666666666667,0.0602408014237881,2023-03-09,0.0166666666666667,"Low"
2023-03-21,0,0.068229511108566,0.0166666666666667,0.0614258721470833,2023-03-09,0.0166666666666667,"Low"
2023-03-22,0,0.0542227000151282,0.0266666666666667,0.0434718951582909,2023-03-09,0.0266666666666667,"Low"
2023-03-23,0,0.0694915436311903,0.0566666666666667,0.0526636019349098,2023-03-09,0.0566666666666667,"Low"
2023-03-24,0,0.069143403633807,0.0166666666666667,0.0591520443558693,2023-03-09,0.0166666666666667,"Low"
2023-03-27,0,0.0695645290791924,0.06,0.0616005696356297,2023-03-09,0.06,"Low"
2023-03-28,0,0.0532828445442614,0.0333333333333333,0.0594635307788849,2023-03-09,0.0333333333333333,"Low"
2023-03-29,0,0.0678035302417335,0.05,0.062070868909359,2023-03-09,0.05,"Low"
2023-03-30,0,0.0495079950243866,0.0533333333333333,0.0682860165834427,2023-03-09,0.0533333333333333,"Low"
2023-03-31,0,0.0555251320018827,0.123333333333333,0.0686492174863815,2023-03-09,0.123333333333333,"Low"
2023-04-03,0,0.0361391147848023,0.0866666666666667,0.069479800760746,2023-03-09,0.0866666666666667,"Low"
2023-04-04,0,0.0374416947359956,0.06,0.0502048209309578,2023-03-09,0.06,"Low"
2023-04-05,0,0.0445458995141262,0.0166666666666667,0.0571891367435455,2023-03-09,0.0166666666666667,"Low"
2023-04-06,0,0.0464112081729727,0.0533333333333333,0.0720481351017952,2023-03-09,0.0533333333333333,"Low"
2023-04-10,0,0.0795754992081277,0.0433333333333333,0.0666389688849449,2023-03-09,0.0433333333333333,"Low"
2023-04-11,0,0.0620767549542765,0.0533333333333333,0.0478499606251717,2023-03-09,0.0533333333333333,"Low"
2023-04-12,0,0.0899327642805126,0.04,0.0485720932483673,2023-03-09,0.04,"Low"
2023-04-13,0,0.0928088523101349,0.06,0.0561048500239849,2023-03-09,0.06,"Low"
2023-04-14,0,0.141142252988648,0.0266666666666667,0.0461045429110527,2023-03-09,0.0266666666666667,"Low"
2023-04-17,0,0.093366740372537,0.0166666666666667,0.0534674599766731,2023-03-09,0.0166666666666667,"Low"
2023-04-18,0,0.0939101895581374,0.0266666666666667,0.0307328011840582,2023-03-09,0.0266666666666667,"Low"
2023-04-19,0,0.0791515218279143,0.0166666666666667,0.0229188818484545,2023-03-09,0.0166666666666667,"Low"
2023-04-20,0,0.0543845470489382,0.01,0.0203735828399658,2023-03-09,0.01,"Low"
2023-04-21,0,0.0971017184075645,0.00333333333333333,0.0185491684824228,2023-03-09,0.00333333333333333,"Low"
2023-04-24,0,0.0922874649562297,0.01,0.0181993264704943,2023-03-09,0.01,"Low"
2023-04-25,0,0.114046972921757,0.01,0.0176240764558315,2023-03-09,0.01,"Low"
2023-04-26,0,0.155913142419095,0.02,0.0186602883040905,2023-03-09,0.02,"Low"
2023-04-27,0,0.192243750687897,0.0466666666666667,0.0567580424249172,2023-03-09,0.0466666666666667,"Low"
2023-04-28,0,0.107084622118215,0.0133333333333333,0.0214514452964067,2023-03-09,0.0133333333333333,"Low"
2023-05-01,0,0.145004435696837,0.243333333333333,0.0224186535924673,2023-03-09,0.243333333333333,"Low"
2023-05-02,0,0.0954827565139495,0.01,0.021605322137475,2023-03-09,0.01,"Low"
2023-05-03,0,0.124146974936301,0.0133333333333333,0.0223684422671795,2023-03-09,0.0133333333333333,"Low"
2023-05-04,0,0.225913050373112,0.06,0.0417110733687878,2023-03-09,0.06,"Low"
2023-05-05,0,0.195152398595218,0.03,0.063306413590908,2023-03-09,0.03,"Low"
2023-05-08,0,0.182873851640394,0.02,0.0474062524735928,2023-03-09,0.02,"Low"
2023-05-09,0,0.18957277335692,0.00666666666666667,0.0382244661450386,2023-03-09,0.00666666666666667,"Low"
2023-05-10,0,0.161384879388641,0.01,0.0397920906543732,2023-03-09,0.01,"Low"
2023-05-11,0,0.169684850410085,0.01,0.0386812537908554,2023-03-09,0.01,"Low"
2023-05-12,0,0.150962011173709,0.01,0.0394090116024017,2023-03-09,0.01,"Low"
2023-05-15,0,0.163615949062198,0.0333333333333333,0.0410412214696407,2023-03-09,0.0333333333333333,"Low"
2023-05-16,0,0.21304675614717,0.00333333333333333,0.033348560333252,2023-03-09,0.00333333333333333,"Low"
2023-05-17,0,0.157709665762193,0.00666666666666667,0.0348539464175701,2023-03-09,0.00666666666666667,"Low"
2023-05-18,0,0.173652093089334,0.0266666666666667,0.0396821014583111,2023-03-09,0.0266666666666667,"Low"
2023-05-19,0,0.142209392518343,0.0133333333333333,0.0330887697637081,2023-03-09,0.0133333333333333,"Low"
2023-05-22,0,0.110150564467346,0,0.03490299731493,2023-03-09,0,"Low"
2023-05-23,0,0.104767827347241,0.0133333333333333,0.0346285924315453,2023-03-09,0.0133333333333333,"Low"
2023-05-24,0,0.170707393869539,0.00333333333333333,0.033348560333252,2023-03-09,0.00333333333333333,"Low"
2023-05-25,0,0.179630440766116,0.0433333333333333,0.0443377085030079,2023-03-09,0.0433333333333333,"Low"
2023-05-26,0,0.0916154901494576,0.03,0.04209890589118,2023-03-09,0.03,"Low"
2023-05-30,0,0.0666168889580268,0.00666666666666667,0.0249214060604572,2023-03-09,0.00666666666666667,"Low"
2023-05-31,0,0.067519346890991,0.00333333333333333,0.0227694660425186,2023-03-09,0.00333333333333333,"Low"
2023-06-01,0,0.0710389883892863,0,0.0248985718935728,2023-03-09,0,"Low"
2023-06-02,0,0.114700434748812,0.05,0.0411519296467304,2023-03-09,0.05,"Low"
2023-06-05,0,0.129148838497708,0.0533333333333333,0.0376111641526222,2023-03-09,0.0533333333333333,"Low"
2023-06-06,0,0.0536508999710513,0.0233333333333333,0.0270160250365734,2023-03-09,0.0233333333333333,"Low"
2023-06-07,0,0.0814566067865202,0.00333333333333333,0.0259210262447596,2023-03-09,0.00333333333333333,"Low"
2023-06-08,0,0.0636967347554107,0.0633333333333333,0.0276617184281349,2023-03-09,0.0633333333333333,"Low"
2023-06-09,0,0.0632471278968527,0.01,0.0244202613830566,2023-06-08,0.01,"Low"
2023-06-12,0,0.0601255985294756,0.02,0.0299085862934589,2023-06-08,0.02,"Low"
2023-06-13,0,0.0841036750444785,0.0166666666666667,0.0306286066770554,2023-06-08,0.0166666666666667,"Low"
2023-06-14,0,0.0634975331196175,0.0333333333333333,0.0244513005018234,2023-06-08,0.0333333333333333,"Low"
2023-06-15,0,0.0931412471283731,0.106666666666667,0.0662026926875114,2023-06-08,0.106666666666667,"Low"
2023-06-16,0,0.0706492545782523,0.05,0.0308760982006788,2023-06-08,0.05,"Low"
2023-06-20,0,0.0822439213836712,0.02,0.0225962828844786,2023-06-08,0.02,"Low"
2023-06-21,0,0.0930181344684891,0.0266666666666667,0.0237694550305605,2023-06-08,0.0266666666666667,"Low"
2023-06-22,0,0.123384672889911,0.0333333333333333,0.0224097035825253,2023-06-08,0.0333333333333333,"Low"
2023-06-23,0,0.0994084622163167,0.03,0.0247449688613415,2023-06-08,0.03,"Low"
2023-06-26,0,0.11433371394599,0.0533333333333333,0.0247449688613415,2023-06-08,0.0533333333333333,"Low"
2023-06-27,0,0.131142051066659,0.0266666666666667,0.035680141299963,2023-06-08,0.0266666666666667,"Low"
2023-06-28,0,0.0836300210899186,0.00333333333333333,0.0239193197339773,2023-06-08,0.00333333333333333,"Low"
2023-06-29,0,0.138514881206576,0.0166666666666667,0.0244202613830566,2023-06-08,0.0166666666666667,"Low"
2023-06-30,0,0.127335609894444,0.0566666666666667,0.0450713820755482,2023-06-08,0.0566666666666667,"Low"
2023-07-03,0,0.156572161602337,0.0133333333333333,0.0222991239279509,2023-06-08,0.0133333333333333,"Low"
2023-07-05,0,0.160393724176705,0,0.0232580490410328,2023-06-08,0,"Low"
2023-07-06,0,0.178847356988947,0,0.0209978558123112,2023-06-08,0,"Low"
2023-07-07,0,0.107967703081556,0.02,0.0216150004416704,2023-06-08,0.02,"Low"
2023-07-10,0,0.122579289703123,0.01,0.0207842607051134,2023-06-08,0.01,"Low"
2023-07-11,0,0.117961327633529,0.00666666666666667,0.0237694550305605,2023-06-08,0.00666666666666667,"Low"
2023-07-12,0,0.0940105036697207,0.03,0.0216518770903349,2023-06-08,0.03,"Low"
2023-07-13,0,0.104169827265271,0.0433333333333333,0.0301668234169483,2023-06-08,0.0433333333333333,"Low"
2023-07-14,0,0.135593592903983,0.0266666666666667,0.0232580490410328,2023-06-08,0.0266666666666667,"Low"
2023-07-17,0,0.112428840130741,0.01,0.0227894019335508,2023-06-08,0.01,"Low"
2023-07-18,0,0.0800651282345055,0.0166666666666667,0.0236494038254023,2023-06-08,0.0166666666666667,"Low"
2023-07-19,0,0.0885956454728613,0.03,0.0242127757519484,2023-06-08,0.03,"Low"
2023-07-20,0,0.110950093813258,0.0366666666666667,0.0232580490410328,2023-06-08,0.0366666666666667,"Low"
2023-07-21,0,0.104301155317696,0.0133333333333333,0.0222991239279509,2023-06-08,0.0133333333333333,"Low"
2023-07-24,0,0.10601941974603,0.00666666666666667,0.0222991239279509,2023-06-08,0.00666666666666667,"Low"
2023-07-25,0,0.106436577180371,0.00666666666666667,0.0222991239279509,2023-06-08,0.00666666666666667,"Low"
2023-07-26,0,0.0773221491371924,0.01,0.0215532816946507,2023-06-08,0.01,"Low"
2023-07-27,0,0.125821760663654,0.01,0.0221624542027712,2023-06-08,0.01,"Low"
2023-07-28,0,0.0998332523036432,0.0333333333333333,0.0364374630153179,2023-06-08,0.0333333333333333,"Low"
2023-07-31,0,0.107603803392273,0,0.0225962828844786,2023-06-08,0,"Low"
2023-08-01,0,0.135491828660316,0.0166666666666667,0.0222991239279509,2023-06-08,0.0166666666666667,"Low"
2023-08-02,0,0.128274018779289,0.06,0.0279189590364695,2023-06-08,0.06,"Low"
2023-08-03,0,0.118969341640407,0.09,0.0285010505467653,2023-06-08,0.09,"Low"
2023-08-04,0,0.0800002234355944,0.07,0.0271626021713018,2023-06-08,0.07,"Low"
2023-08-07,0,0.145572470483274,0.0866666666666667,0.0271903313696384,2023-06-08,0.0866666666666667,"Low"
2023-08-08,0,0.126361070359893,0.07,0.0284981727600098,2023-06-08,0.07,"Low"
2023-08-09,0,0.111794197682711,0.06,0.0284981727600098,2023-06-08,0.06,"Low"
2023-08-10,0,0.13838108326357,0.0733333333333333,0.028125636279583,2023-06-08,0.0733333333333333,"Low"
2023-08-11,0,0.0838479452066472,0.1,0.0271903313696384,2023-06-08,0.1,"Low"
2023-08-14,0,0.0982532449974478,0.106666666666667,0.0287402477115393,2023-06-08,0.106666666666667,"Low"
2023-08-15,0,0.110120436364333,0.03,0.0225238967686892,2023-06-08,0.03,"Low"
2023-08-16,0,0.090991182962467,0.04,0.0236369278281927,2023-06-08,0.04,"Low"
2023-08-17,0,0.107084530555812,0.0166666666666667,0.0214183926582336,2023-06-08,0.0166666666666667,"Low"
2023-08-18,0,0.0934448110965237,0.00333333333333333,0.0211606007069349,2023-06-08,0.00333333333333333,"Low"
2023-08-21,0,0.114474235299375,0.0866666666666667,0.0261786635965109,2023-06-08,0.0866666666666667,"Low"
2023-08-22,0,0.0793101555352007,0.00333333333333333,0.0205386783927679,2023-06-08,0.00333333333333333,"Low"
2023-08-23,0,0.048720511062545,0.173333333333333,0.0387898944318295,2023-06-08,0.173333333333333,"Low"
2023-08-24,0,0.0676324673251914,0.0233333333333333,0.0210791435092688,2023-06-08,0.0233333333333333,"Low"
2023-08-25,0,0.066913169473882,0.00666666666666667,0.0198505204170942,2023-06-08,0.00666666666666667,"Low"
2023-08-28,0,0.0622436400032503,0.0133333333333333,0.0198505204170942,2023-06-08,0.0133333333333333,"Low"
2023-08-29,0,0.0531427449013543,0.103333333333333,0.0370300486683846,2023-06-08,0.103333333333333,"Low"
2023-08-30,0,0.0490831166405155,0.106666666666667,0.031908892095089,2023-06-08,0.106666666666667,"Low"
2023-08-31,0,0.0577040998932738,0.00666666666666667,0.0193014200776815,2023-06-08,0.00666666666666667,"Low"
2023-09-01,0,0.0806610233316095,0.0133333333333333,0.0190467480570078,2023-06-08,0.0133333333333333,"Low"
2023-09-05,0,0.113480216328406,0.00333333333333333,0.0190467480570078,2023-06-08,0.00333333333333333,"Low"
2023-09-06,0,0.0750479984982328,0,0.0205386783927679,2023-06-08,0,"Low"
2023-09-07,0,0.0724469157553332,0.00666666666666667,0.0205386783927679,2023-06-08,0.00666666666666667,"Low"
2023-09-08,0,0.0785760647978372,0,0.0205386783927679,2023-06-08,0,"Low"
2023-09-11,0,0.0807422965746343,0,0.0163427256047726,2023-09-08,0,"Low"
2023-09-12,0,0.0819986918429518,0.00333333333333333,0.0166342966258526,2023-09-08,0.00333333333333333,"Low"
2023-09-13,0,0.0957206148894614,0.00333333333333333,0.0158619154244661,2023-09-08,0.00333333333333333,"Low"
2023-09-14,0,0.0918993962510649,0,0.0163427256047726,2023-09-08,0,"Low"
2023-09-15,0,0.128623196469159,0.01,0.0175356697291136,2023-09-08,0.01,"Low"
2023-09-18,0,0.128461265243191,0.0166666666666667,0.0176928546279669,2023-09-08,0.0166666666666667,"Low"
2023-09-19,0,0.140677407602502,0.0133333333333333,0.0173869766294956,2023-09-08,0.0133333333333333,"Low"
2023-09-20,0,0.122808285502154,0.01,0.0176205262541771,2023-09-08,0.01,"Low"
2023-09-21,0,0.219109282078416,0.0933333333333333,0.0206537749618292,2023-09-08,0.0933333333333333,"Low"
2023-09-22,0,0.117860068021319,0.00666666666666667,0.0167843177914619,2023-09-08,0.00666666666666667,"Low"
2023-09-25,0,0.161077965801246,0.0366666666666667,0.0164863578975201,2023-09-08,0.0366666666666667,"Low"
2023-09-26,0,0.181503451231249,0.0233333333333333,0.0260138027369976,2023-09-08,0.0233333333333333,"Low"
2023-09-27,0,0.140086466964243,0.0533333333333333,0.0260138027369976,2023-09-08,0.0533333333333333,"Low"
2023-09-28,0,0.101816082142429,0.0533333333333333,0.0287098418921232,2023-09-08,0.0533333333333333,"Low"
2023-09-29,0,0.138848333161503,0.0233333333333333,0.0252088736742735,2023-09-08,0.0233333333333333,"Low"
2023-10-02,0,0.168006187580281,0.0433333333333333,0.0259655434638262,2023-09-08,0.0433333333333333,"Low"
2023-10-03,0,0.164012317771224,0.0466666666666667,0.0282563865184784,2023-09-08,0.0466666666666667,"Low"
2023-10-04,0,0.0932064500084554,0.05,0.026143379509449,2023-09-08,0.05,"Low"
2023-10-05,0,0.0983524019716189,0.0333333333333333,0.0252088736742735,2023-09-08,0.0333333333333333,"Low"
2023-10-06,0,0.10797922968837,0.02,0.0473492443561554,2023-09-08,0.02,"Low"
2023-10-09,0,0.064134799791176,0.0266666666666667,0.0283566303551197,2023-09-08,0.0266666666666667,"Low"
2023-10-10,0,0.0866792271648307,0.00666666666666667,0.0333154015243053,2023-09-08,0.00666666666666667,"Low"
2023-10-11,0,0.0826458033546668,0.0533333333333333,0.0335344076156616,2023-09-08,0.0533333333333333,"Low"
2023-10-12,0,0.152305862127953,0.08,0.0333154015243053,2023-09-08,0.08,"Low"
2023-10-13,0,0.0737377919497435,0.0166666666666667,0.0263003706932068,2023-09-08,0.0166666666666667,"Low"
2023-10-16,0,0.105030570642915,0.103333333333333,0.0316233970224857,2023-09-08,0.103333333333333,"Low"
2023-10-17,0,0.109715980015908,0.0966666666666667,0.0259934347122908,2023-09-08,0.0966666666666667,"Low"
2023-10-18,0,0.117713539449411,0.06,0.0474280491471291,2023-09-08,0.06,"Low"
2023-10-19,0,0.146882157347225,0.16,0.0560887195169926,2023-09-08,0.16,"Low"
2023-10-20,0,0.135000955318652,0.166666666666667,0.0421666391193867,2023-09-08,0.166666666666667,"Low"
2023-10-23,0,0.152518644711189,0.183333333333333,0.030683932825923,2023-09-08,0.183333333333333,"Low"
2023-10-24,0,0.128893873464294,0.183333333333333,0.0429657436907291,2023-09-08,0.183333333333333,"Low"
2023-10-25,0,0.193481554442512,0.203333333333333,0.041455514729023,2023-09-08,0.203333333333333,"Low"
2023-10-26,0,0.155421247136429,0.163333333333333,0.0404599942266941,2023-09-08,0.163333333333333,"Low"
2023-10-27,0,0.219956202560656,0.153333333333333,0.0398515090346336,2023-09-08,0.153333333333333,"Low"
2023-10-30,0,0.202205529993127,0.203333333333333,0.0457291640341282,2023-09-08,0.203333333333333,"Low"
2023-10-31,0,0.162688547468512,0.206666666666667,0.0606373734772205,2023-09-08,0.206666666666667,"Low"
2023-11-01,0,0.148825104203634,0.216666666666667,0.0601846389472485,2023-09-08,0.216666666666667,"Low"
2023-11-02,0,0.110659604781841,0.163333333333333,0.0518638826906681,2023-09-08,0.163333333333333,"Low"
2023-11-03,0,0.129187489134361,0.23,0.05484639108181,2023-09-08,0.23,"Low"
2023-11-06,0,0.159088760069759,0.153333333333333,0.0492176860570908,2023-09-08,0.153333333333333,"Low"
2023-11-07,0,0.112736794292534,0.113333333333333,0.0482968240976334,2023-09-08,0.113333333333333,"Low"
2023-11-08,0,0.107252865920086,0.103333333333333,0.0440509356558323,2023-09-08,0.103333333333333,"Low"
2023-11-09,0,0.140158157787688,0.153333333333333,0.0492176860570908,2023-09-08,0.153333333333333,"Low"
2023-11-10,0,0.135195105114108,0.13,0.0429138876497746,2023-09-08,0.13,"Low"
2023-11-13,0,0.102929369867615,0.0233333333333333,0.0297687500715256,2023-09-08,0.0233333333333333,"Low"
2023-11-14,0,0.0556548356362989,0.133333333333333,0.0574583038687706,2023-09-08,0.133333333333333,"Low"
2023-11-15,0,0.087054571612884,0.116666666666667,0.0722395777702332,2023-09-08,0.116666666666667,"Low"
2023-11-16,0,0.0770165892025802,0.1,0.0454429462552071,2023-09-08,0.1,"Low"
2023-11-17,0,0.091677290401975,0.0933333333333333,0.0420885719358921,2023-09-08,0.0933333333333333,"Low"
2023-11-20,0,0.116983245706403,0.126666666666667,0.0675010234117508,2023-09-08,0.126666666666667,"Low"
2023-11-21,0,0.138462885354512,0.0766666666666667,0.0414302311837673,2023-09-08,0.0766666666666667,"Low"
2023-11-22,0,0.133294210797606,0.05,0.0430537387728691,2023-09-08,0.05,"Low"
2023-11-24,0,0.150502385742903,0.04,0.0428517386317253,2023-09-08,0.04,"Low"
2023-11-27,0,0.181103250201205,0.03,0.0353343822062016,2023-09-08,0.03,"Low"
2023-11-28,0,0.271330281060135,0.0266666666666667,0.0337324365973473,2023-09-08,0.0266666666666667,"Low"
2023-11-29,0,0.271505695489253,0.0166666666666667,0.0247492603957653,2023-09-08,0.0166666666666667,"Low"
2023-11-30,0,0.32586517141031,0.0133333333333333,0.0221361238509417,2023-09-08,0.0133333333333333,"Low"
2023-12-01,0,0.193922685673146,0.0166666666666667,0.0161548592150211,2023-09-08,0.0166666666666667,"Low"
2023-12-04,0,0.245750707915602,0.00666666666666667,0.0156669728457928,2023-09-08,0.00666666666666667,"Low"
2023-12-05,0,0.191721354038632,0.00333333333333333,0.0159430745989084,2023-09-08,0.00333333333333333,"Low"
2023-12-06,0,0.171161446930562,0,0.0159430745989084,2023-09-08,0,"Low"
2023-12-07,0,0.227576294836021,0,0.0161419715732336,2023-09-08,0,"Low"
2023-12-08,0,0.231852008357175,0,0.0160524100065231,2023-12-07,0,"Low"
2023-12-11,0,0.236477280626717,0.01,0.0134930834174156,2023-12-07,0.01,"Low"
2023-12-12,0,0.175588761052404,0,0.0133388405665755,2023-12-07,0,"Low"
2023-12-13,0,0.131979649784042,0.01,0.0167930219322443,2023-12-07,0.01,"Low"
2023-12-14,0,0.0856847117376799,0.00666666666666667,0.0172774996608496,2023-12-07,0.00666666666666667,"Low"
2023-12-15,0,0.174157378953041,0.00666666666666667,0.0166058037430048,2023-12-07,0.00666666666666667,"Low"
2023-12-18,0,0.15176576715208,0.0233333333333333,0.025057116523385,2023-12-07,0.0233333333333333,"Low"
2023-12-19,0,0.109318521546296,0.04,0.052270445972681,2023-12-07,0.04,"Low"
2023-12-20,0,0.126614148359853,0.0166666666666667,0.0179901476949453,2023-12-07,0.0166666666666667,"Low"
2023-12-21,0,0.11076655032992,0.01,0.0226589478552341,2023-12-07,0.01,"Low"
2023-12-22,0,0.106096229449855,0.00666666666666667,0.0210143998265266,2023-12-07,0.00666666666666667,"Low"
2023-12-26,0,0.083131870935796,0.0233333333333333,0.0375345461070538,2023-12-07,0.0233333333333333,"Low"
2023-12-27,0,0.07531072558526,0.0333333333333333,0.03740444034338,2023-12-07,0.0333333333333333,"Low"
2023-12-28,0,0.12688278624885,0,0.023046150803566,2023-12-07,0,"Low"
2023-12-29,0,0.131121269367765,0.00333333333333333,0.0243032146245241,2023-12-07,0.00333333333333333,"Low"
2024-01-02,0,0.109907369481438,0.01,0.0180982425808907,2023-12-07,0.01,"Low"
2024-01-03,0,0.12009301595823,0.00666666666666667,0.0215899236500263,2023-12-07,0.00666666666666667,"Low"
2024-01-04,0,0.118643580511083,0.00666666666666667,0.0294863656163216,2023-12-07,0.00666666666666667,"Low"
2024-01-05,0,0.112295770352751,0.0133333333333333,0.0293467193841934,2023-12-07,0.0133333333333333,"Low"
2024-01-08,0,0.137545012836652,0.0466666666666667,0.0301459468901157,2023-12-07,0.0466666666666667,"Low"
2024-01-09,0,0.14261329920103,0,0.02046331577003,2023-12-07,0,"Low"
2024-01-10,0,0.153003992299944,0.01,0.0188375897705555,2023-12-07,0.01,"Low"
2024-01-11,0,0.138319340299498,0,0.0198910944163799,2023-12-07,0,"Low"
2024-01-12,0,0.119039367302739,0.00333333333333333,0.0172968041151762,2023-12-07,0.00333333333333333,"Low"
2024-01-16,0,0.136482585256547,0.0133333333333333,0.0238620098680258,2023-12-07,0.0133333333333333,"Low"
2024-01-17,0,0.125540311267084,0.03,0.0256584379822016,2023-12-07,0.03,"Low"
2024-01-18,0,0.103852940822269,0.05,0.0188234001398087,2023-12-07,0.05,"Low"
2024-01-19,0,0.0811573823036989,0.03,0.0312739871442318,2023-12-07,0.03,"Low"
2024-01-22,0,0.0501343618209572,0.0133333333333333,0.0199362579733133,2023-12-07,0.0133333333333333,"Low"
2024-01-23,0,0.0544868820735626,0.00333333333333333,0.0184308607131243,2023-12-07,0.00333333333333333,"Low"
2024-01-24,0,0.0590250159542338,0.00333333333333333,0.020022202283144,2023-12-07,0.00333333333333333,"Low"
2024-01-25,0,0.0422270604523199,0.00666666666666667,0.0190528240054846,2023-12-07,0.00666666666666667,"Low"
2024-01-26,0,0.0349275264274971,0.0133333333333333,0.0184308607131243,2023-12-07,0.0133333333333333,"Low"
2024-01-29,0,0.0240620685390288,0.0133333333333333,0.0200444869697094,2023-12-07,0.0133333333333333,"Low"
2024-01-30,0,0.0231532972228485,0.0133333333333333,0.020696735009551,2023-12-07,0.0133333333333333,"Low"
2024-01-31,0,0.0388937818118959,0.0333333333333333,0.0249394997954369,2023-12-07,0.0333333333333333,"Low"
2024-02-01,0,0.0342629674434793,0.02,0.0190742425620556,2023-12-07,0.02,"Low"
2024-02-02,0,0.0832370360371426,0.0366666666666667,0.0276398994028568,2023-12-07,0.0366666666666667,"Low"
2024-02-05,0,0.0923000684480318,0.0266666666666667,0.0212380290031433,2023-12-07,0.0266666666666667,"Low"
2024-02-06,0,0.0686332562192711,0.0166666666666667,0.0203853435814381,2023-12-07,0.0166666666666667,"Low"
2024-02-07,0,0.0853080203088475,0.02,0.0187448021024466,2023-12-07,0.02,"Low"
2024-02-08,0,0.0709651422629635,0.00333333333333333,0.0187448021024466,2023-12-07,0.00333333333333333,"Low"
2024-02-09,0,0.0735692411944201,0.01,0.0187448021024466,2023-12-07,0.01,"Low"
2024-02-12,0,0.0580738208681231,0.00333333333333333,0.019377151504159,2023-12-07,0.00333333333333333,"Low"
2024-02-13,0,0.165800273074715,0.0566666666666667,0.02656458504498,2023-12-07,0.0566666666666667,"Low"
2024-02-14,0,0.0788068377603397,0.0133333333333333,0.019377151504159,2023-12-07,0.0133333333333333,"Low"
2024-02-15,0,0.107686913034959,0.0466666666666667,0.0223241206258535,2023-12-07,0.0466666666666667,"Low"
2024-02-16,0,0.137983460263552,0.0166666666666667,0.0196614395827055,2023-12-07,0.0166666666666667,"Low"
2024-02-20,0,0.125533428656663,0.0133333333333333,0.0254983548074961,2023-12-07,0.0133333333333333,"Low"
2024-02-21,0,0.128375238723675,0.0166666666666667,0.0245237089693546,2023-12-07,0.0166666666666667,"Low"
2024-02-22,0,0.151281016117944,0.07,0.039867140352726,2023-12-07,0.07,"Low"
2024-02-23,0,0.0920642496088711,0.0666666666666667,0.0351612232625484,2023-12-07,0.0666666666666667,"Low"
2024-02-26,0,0.118255813129711,0.0466666666666667,0.0323708616197109,2023-12-07,0.0466666666666667,"Low"
2024-02-27,0,0.120431481329826,0.0433333333333333,0.0323708616197109,2023-12-07,0.0433333333333333,"Low"
2024-02-28,0,0.112827506489592,0.0366666666666667,0.0362871550023556,2023-12-07,0.0366666666666667,"Low"
2024-02-29,0,0.101367447682872,0.0633333333333333,0.0351612232625484,2023-12-07,0.0633333333333333,"Low"
2024-03-01,0,0.0974890677316341,0.04,0.0275951270014048,2023-12-07,0.04,"Low"
2024-03-04,0,0.0873595211422695,0.0233333333333333,0.016331447288394,2023-12-07,0.0233333333333333,"Low"
2024-03-05,0,0.0874255336184349,0.0166666666666667,0.0243290364742279,2023-12-07,0.0166666666666667,"Low"
2024-03-06,0,0.0899732821900975,0.00666666666666667,0.0184934120625257,2023-12-07,0.00666666666666667,"Low"
2024-03-07,0,0.0967444106821203,0.00333333333333333,0.0274910535663366,2023-12-07,0.00333333333333333,"Low"
2024-03-08,0,0.0709304292037546,0.02,0.017683632671833,2023-12-07,0.02,"Low"
2024-03-11,0,0.0900512855658152,0.00333333333333333,0.0253459736704826,2023-12-07,0.00333333333333333,"Low"
2024-03-12,0,0.0919666046668215,0.0166666666666667,0.0198810901492834,2024-03-11,0.0166666666666667,"Low"
2024-03-13,0,0.0674669252470561,0.00666666666666667,0.0136986039578915,2024-03-11,0.00666666666666667,"Low"
2024-03-14,0,0.120674690144468,0,0.0142730763182044,2024-03-11,0,"Low"
2024-03-15,0,0.0990829018891459,0,0.0206849910318851,2024-03-11,0,"Low"
2024-03-18,0,0.107070760262111,0.00666666666666667,0.0196066685020924,2024-03-11,0.00666666666666667,"Low"
2024-03-19,0,0.0906285010635001,0,0.0170206725597382,2024-03-11,0,"Low"
2024-03-20,0,0.0864625740677774,0,0.0178512632846832,2024-03-11,0,"Low"
2024-03-21,0,0.104797616062803,0,0.0173265431076288,2024-03-11,0,"Low"
2024-03-22,0,0.0747166133224708,0.00333333333333333,0.0165144093334675,2024-03-11,0.00333333333333333,"Low"
2024-03-25,0,0.0743844226995009,0,0.016177648678422,2024-03-11,0,"Low"
2024-03-26,0,0.0775507564789824,0.00666666666666667,0.0172329228371382,2024-03-11,0.00666666666666667,"Low"
2024-03-27,0,0.0653159891876062,0.00333333333333333,0.0178669951856136,2024-03-11,0.00333333333333333,"Low"
2024-03-28,0,0.0783533566021482,0.00333333333333333,0.0152766369283199,2024-03-11,0.00333333333333333,"Low"
2024-04-01,0,0.101070377902138,0,0.0169964116066694,2024-03-11,0,"Low"
2024-04-02,0,0.0766286019740936,0.0133333333333333,0.0180334467440844,2024-03-11,0.0133333333333333,"Low"
2024-04-03,0,0.0623901729025881,0.0166666666666667,0.0199085790663958,2024-03-11,0.0166666666666667,"Low"
2024-04-04,0,0.0762168415097715,0.00666666666666667,0.0195992775261402,2024-03-11,0.00666666666666667,"Low"
2024-04-05,0,0.0733086728630542,0.04,0.0204774755984545,2024-03-11,0.04,"Low"
2024-04-08,0,0.0462905108809314,0.00333333333333333,0.0181910675019026,2024-03-11,0.00333333333333333,"Low"
2024-04-09,0,0.0613065730232722,0.03,0.0213466826826334,2024-03-11,0.03,"Low"
2024-04-10,0,0.11398540144087,0.0133333333333333,0.0202938169240952,2024-03-11,0.0133333333333333,"Low"
2024-04-11,0,0.0610846839969079,0.0566666666666667,0.0215720590204,2024-03-11,0.0566666666666667,"Low"
2024-04-12,0,0.0982556058741737,0.0266666666666667,0.0155598251149058,2024-03-11,0.0266666666666667,"Low"
2024-04-15,0,0.087997662811636,0.00666666666666667,0.0117322653532028,2024-03-11,0.00666666666666667,"Low"
2024-04-16,0,0.0854817953466061,0.00666666666666667,0.014542636461556,2024-03-11,0.00666666666666667,"Low"
2024-04-17,0,0.0720793418151067,0,0.0152317397296429,2024-03-11,0,"Low"
2024-04-18,0,0.0776800455219317,0.00333333333333333,0.0137336952611804,2024-03-11,0.00333333333333333,"Low"
2024-04-19,0,0.0732754114355773,0.01,0.0143132628872991,2024-03-11,0.01,"Low"
2024-04-22,0,0.0892860452935612,0.0333333333333333,0.0150037230923772,2024-03-11,0.0333333333333333,"Low"
2024-04-23,0,0.069497041110045,0.0266666666666667,0.0181883051991463,2024-03-11,0.0266666666666667,"Low"
2024-04-24,0,0.075666748288102,0,0.0141045795753598,2024-03-11,0,"Low"
2024-04-25,0,0.0758583939321389,0,0.0137336952611804,2024-03-11,0,"Low"
2024-04-26,0,0.0547968549187096,0.01,0.0189405512064695,2024-03-11,0.01,"Low"
2024-04-29,0,0.0543705765424176,0.00333333333333333,0.01445122808218,2024-03-11,0.00333333333333333,"Low"
2024-04-30,0,0.0897420619541068,0.00666666666666667,0.0204897318035364,2024-03-11,0.00666666666666667,"Low"
2024-05-01,0,0.0474353814636773,0,0.0219332985579967,2024-03-11,0,"Low"
2024-05-02,0,0.0597703485566834,0.00333333333333333,0.0231578014791012,2024-03-11,0.00333333333333333,"Low"
2024-05-03,0,0.068669014078166,0.0166666666666667,0.0263959411531687,2024-03-11,0.0166666666666667,"Low"
2024-05-06,0,0.0450015261774471,0,0.0209003407508135,2024-03-11,0,"Low"
2024-05-07,0,0.0519053998457475,0,0.0224481988698244,2024-03-11,0,"Low"
2024-05-08,0,0.0628978101043366,0,0.0213421899825335,2024-03-11,0,"Low"
2024-05-09,0,0.0453011634321644,0.01,0.017455393448472,2024-03-11,0.01,"Low"
2024-05-10,0,0.0557622907214875,0.00333333333333333,0.0207109414041042,2024-03-11,0.00333333333333333,"Low"
2024-05-13,0,0.0647884072032101,0,0.0132298981770873,2024-03-11,0,"Low"
2024-05-14,0,0.0429889935033074,0,0.0132622448727489,2024-03-11,0,"Low"
2024-05-15,0,0.0455797854814355,0.0266666666666667,0.0224067829549313,2024-03-11,0.0266666666666667,"Low"
2024-05-16,0,0.0767490615756369,0,0.0131451953202486,2024-03-11,0,"Low"
2024-05-17,0,0.0624027329229084,0.00333333333333333,0.0122512364760041,2024-03-11,0.00333333333333333,"Low"
2024-05-20,0,0.0755705604995557,0.00666666666666667,0.0135538652539253,2024-03-11,0.00666666666666667,"Low"
2024-05-21,0,0.0679770518387823,0.00333333333333333,0.0138871688395739,2024-03-11,0.00333333333333333,"Low"
2024-05-22,0,0.117470142662221,0.00333333333333333,0.0142806507647038,2024-03-11,0.00333333333333333,"Low"
2024-05-23,0,0.141306348649661,0.00333333333333333,0.0131352078169584,2024-03-11,0.00333333333333333,"Low"
2024-05-24,0,0.0955529229592738,0.00333333333333333,0.014257057569921,2024-03-11,0.00333333333333333,"Low"
2024-05-28,0,0.105522964471969,0.00333333333333333,0.0129587985575199,2024-03-11,0.00333333333333333,"Low"
2024-05-29,0,0.134135732792863,0,0.0125415772199631,2024-03-11,0,"Low"
2024-05-30,0,0.0900055251328216,0.01,0.0162200052291155,2024-03-11,0.01,"Low"
2024-05-31,0,0.133685317898946,0.0166666666666667,0.014257057569921,2024-03-11,0.0166666666666667,"Low"
2024-06-03,0,0.109983794227229,0.01,0.0132611030712724,2024-03-11,0.01,"Low"
2024-06-04,0,0.111230774776045,0,0.0160286352038383,2024-03-11,0,"Low"
2024-06-05,0,0.0784935214957703,0.0166666666666667,0.0222588963806629,2024-03-11,0.0166666666666667,"Low"
2024-06-06,0,0.101897458347949,0,0.0133089385926723,2024-03-11,0,"Low"
2024-06-07,0,0.173904910022827,0.01,0.0131352078169584,2024-03-11,0.01,"Low"
2024-06-10,0,0.0914097480145891,0,0.0132888415828347,2024-03-11,0,"Low"
2024-06-11,0,0.0991724860646523,0,0.0113671468570828,2024-06-10,0,"Low"
2024-06-12,0,0.0893833620699148,0.00666666666666667,0.0118052242323756,2024-06-10,0.00666666666666667,"Low"
2024-06-13,0,0.0979030962878045,0,0.0113671468570828,2024-06-10,0,"Low"
2024-06-14,0,0.0710472977377697,0.00666666666666667,0.0101657509803772,2024-06-10,0.00666666666666667,"Low"
2024-06-17,0,0.0931101156107563,0.00666666666666667,0.0120150176808238,2024-06-10,0.00666666666666667,"Low"
2024-06-18,0,0.0725353664696313,0,0.0104949185624719,2024-06-10,0,"Low"
2024-06-20,0,0.0954098695809086,0.00333333333333333,0.0103838248178363,2024-06-10,0.00333333333333333,"Low"
2024-06-21,0,0.109095533868923,0,0.0124068073928356,2024-06-10,0,"Low"
2024-06-24,0,0.0870582986409107,0.00333333333333333,0.0111126499250531,2024-06-10,0.00333333333333333,"Low"
2024-06-25,0,0.11868344841947,0.00333333333333333,0.0111126499250531,2024-06-10,0.00333333333333333,"Low"
2024-06-26,0,0.121323337591702,0.00333333333333333,0.0111126499250531,2024-06-10,0.00333333333333333,"Low"
2024-06-27,0,0.091085191735395,0,0.010873488150537,2024-06-10,0,"Low"
2024-06-28,0,0.132604361237478,0,0.0111126499250531,2024-06-10,0,"Low"
2024-07-01,0,0.139856431551348,0.00666666666666667,0.0112225115299225,2024-06-10,0.00666666666666667,"Low"
2024-07-02,0,0.102139311013026,0.00333333333333333,0.0110412053763866,2024-06-10,0.00333333333333333,"Low"
2024-07-03,0,0.0918385471321392,0.00666666666666667,0.0103705152869225,2024-06-10,0.00666666666666667,"Low"
2024-07-05,0,0.0851231370302091,0.00666666666666667,0.0125437807291746,2024-06-10,0.00666666666666667,"Low"
2024-07-08,0,0.0914096678686105,0.00333333333333333,0.0128593044355512,2024-06-10,0.00333333333333333,"Low"
2024-07-09,0,0.0964713571567465,0.00666666666666667,0.0122903687879443,2024-06-10,0.00666666666666667,"Low"
2024-07-10,0,0.0947940316527786,0.00333333333333333,0.015678433701396,2024-06-10,0.00333333333333333,"Low"
2024-07-11,0,0.0473589710811992,0.0366666666666667,0.0125748738646507,2024-06-10,0.0366666666666667,"Low"
2024-07-12,0,0.0956388190360968,0.00333333333333333,0.0129932127892971,2024-06-10,0.00333333333333333,"Low"
2024-07-15,0,0.078675469628324,0.03,0.0266731921583414,2024-06-10,0.03,"Low"
2024-07-16,1,0.0403085854795151,0.0133333333333333,0.0244188401848078,2024-06-10,0.0133333333333333,"Low"
2024-07-17,0,0.0714519099133619,0.0466666666666667,0.0275506861507893,2024-06-10,0.0466666666666667,"Low"
2024-07-18,0,0.0886576483189655,0.02,0.0165152680128813,2024-06-10,0.02,"Low"
2024-07-19,0,0.0907336096571465,0.0166666666666667,0.0186159424483776,2024-06-10,0.0166666666666667,"Low"
2024-07-22,0,0.0558206728964122,0.0133333333333333,0.0216235779225826,2024-06-10,0.0133333333333333,"Low"
2024-07-23,0,0.0590004430757352,0.0566666666666667,0.0296367146074772,2024-06-10,0.0566666666666667,"Low"
2024-07-24,0,0.139737081526089,0.0433333333333333,0.0182328838855028,2024-06-10,0.0433333333333333,"Low"
2024-07-25,0,0.106313956108374,0.01,0.0187797322869301,2024-06-10,0.01,"Low"
2024-07-26,0,0.0738167597987162,0.2,0.145835161209106,2024-06-10,0.2,"Low"
2024-07-29,0,0.107261840484411,0.0833333333333333,0.137264996767044,2024-06-10,0.0833333333333333,"Low"
2024-07-30,0,0.0954077361165824,0.0733333333333333,0.0786959528923035,2024-06-10,0.0733333333333333,"Low"
2024-07-31,0,0.0801351493850611,0.0966666666666667,0.0416490770876408,2024-06-10,0.0966666666666667,"Low"
2024-08-01,0,0.100069034483447,0.0666666666666667,0.0422468073666096,2024-06-10,0.0666666666666667,"Low"
2024-08-02,0,0.142258928601008,0.143333333333333,0.0458582937717438,2024-06-10,0.143333333333333,"Low"
2024-08-05,0,0.301480503463136,0.506666666666667,0.0864907205104828,2024-06-10,0.506666666666667,"Medium"
2024-08-06,0,0.138966536000972,0.126666666666667,0.0638271644711494,2024-06-10,0.126666666666667,"Low"
2024-08-07,0,0.15903915061596,0.186666666666667,0.0658140555024147,2024-06-10,0.186666666666667,"Low"
2024-08-08,0,0.106308534124063,0.0833333333333333,0.0569662302732468,2024-06-10,0.0833333333333333,"Low"
2024-08-09,0,0.086387219353429,0.103333333333333,0.103955090045929,2024-06-10,0.103333333333333,"Low"
2024-08-12,0,0.089669324376246,0.12,0.062699556350708,2024-06-10,0.12,"Low"
2024-08-13,0,0.0791715323492391,0.113333333333333,0.0852626264095306,2024-06-10,0.113333333333333,"Low"
2024-08-14,0,0.07331375988388,0.0866666666666667,0.0768978223204613,2024-06-10,0.0866666666666667,"Low"
2024-08-15,0,0.0883373828963008,0.0733333333333333,0.0781118273735046,2024-06-10,0.0733333333333333,"Low"
2024-08-16,0,0.0640322325934436,0.0933333333333333,0.0512119717895985,2024-06-10,0.0933333333333333,"Low"
2024-08-19,0,0.081729342137111,0.08,0.0510699562728405,2024-06-10,0.08,"Low"
2024-08-20,0,0.0774611616527825,0.0633333333333333,0.0510699562728405,2024-06-10,0.0633333333333333,"Low"
2024-08-21,0,0.0757941420350516,0.0766666666666667,0.0499715059995651,2024-06-10,0.0766666666666667,"Low"
2024-08-22,0,0.103631316640208,0.0533333333333333,0.0616050511598587,2024-06-10,0.0533333333333333,"Low"
2024-08-23,0,0.0514510191263096,0.123333333333333,0.048711284995079,2024-06-10,0.123333333333333,"Low"
2024-08-26,0,0.0701977868656148,0.0766666666666667,0.0616050511598587,2024-06-10,0.0766666666666667,"Low"
2024-08-27,0,0.0789362171032427,0.0766666666666667,0.0616050511598587,2024-06-10,0.0766666666666667,"Low"
2024-08-28,0,0.0928615050555187,0.0533333333333333,0.0616050511598587,2024-06-10,0.0533333333333333,"Low"
2024-08-29,0,0.049890615300564,0.04,0.0637389197945595,2024-06-10,0.04,"Low"
2024-08-30,0,0.0829659755910003,0.08,0.0637389197945595,2024-06-10,0.08,"Low"
2024-09-03,0,0.122131337403891,0.153333333333333,0.065796822309494,2024-06-10,0.153333333333333,"Low"
2024-09-04,0,0.10060117944468,0.0466666666666667,0.0516619719564915,2024-06-10,0.0466666666666667,"Low"
2024-09-05,0,0.0987084549409403,0.0233333333333333,0.0345937423408031,2024-06-10,0.0233333333333333,"Low"
2024-09-06,0,0.177475806584295,0.0366666666666667,0.0526476874947548,2024-06-10,0.0366666666666667,"Low"
2024-09-09,0,0.100526749067759,0.0333333333333333,0.0345419757068157,2024-06-10,0.0333333333333333,"Low"
2024-09-10,0,0.103823335265675,0.04,0.0353138670325279,2024-06-10,0.04,"Low"
2024-09-11,0,0.112000815211621,0.0233333333333333,0.0324654877185822,2024-09-10,0.0233333333333333,"Low"
2024-09-12,0,0.0829212200453979,0.00666666666666667,0.0174821875989437,2024-09-10,0.00666666666666667,"Low"
2024-09-13,0,0.0763603227611962,0.0266666666666667,0.021373150870204,2024-09-10,0.0266666666666667,"Low"
2024-09-16,0,0.0642461126230429,0.00333333333333333,0.0228290166705847,2024-09-10,0.00333333333333333,"Low"
2024-09-17,0,0.0861158895231028,0,0.0228290166705847,2024-09-10,0,"Low"
2024-09-18,0,0.0817197440639924,0,0.0228290166705847,2024-09-10,0,"Low"
2024-09-19,0,0.0620514117783968,0.0166666666666667,0.0183105356991291,2024-09-10,0.0166666666666667,"Low"
2024-09-20,0,0.0594950125404758,0.0133333333333333,0.0200628396123648,2024-09-10,0.0133333333333333,"Low"
2024-09-23,0,0.0670744169321735,0.00333333333333333,0.0226953402161598,2024-09-10,0.00333333333333333,"Low"
2024-09-24,0,0.052831423654658,0.00666666666666667,0.0180506650358438,2024-09-10,0.00666666666666667,"Low"
2024-09-25,0,0.0715858489197724,0.00333333333333333,0.0228290166705847,2024-09-10,0.00333333333333333,"Low"
2024-09-26,0,0.059544175743715,0.01,0.0226953402161598,2024-09-10,0.01,"Low"
2024-09-27,0,0.0662378156297796,0.00666666666666667,0.0216461252421141,2024-09-10,0.00666666666666667,"Low"
2024-09-30,0,0.0682130150472639,0.01,0.0223023109138012,2024-09-10,0.01,"Low"
2024-10-01,0,0.0642801476832053,0.01,0.0190204884856939,2024-09-10,0.01,"Low"
2024-10-02,0,0.0774847304542098,0,0.0122699700295925,2024-09-10,0,"Low"
2024-10-03,0,0.101527246102314,0,0.0108586875721812,2024-09-10,0,"Low"
2024-10-04,0,0.0944771742231245,0.00333333333333333,0.0108367577195168,2024-09-10,0.00333333333333333,"Low"
2024-10-07,0,0.127178891804957,0,0.0108586875721812,2024-09-10,0,"Low"
2024-10-08,0,0.111968814191523,0.01,0.0108367577195168,2024-09-10,0.01,"Low"
2024-10-09,0,0.101076532631278,0,0.0108367577195168,2024-09-10,0,"Low"
2024-10-10,0,0.0918965224734547,0.01,0.0113911088556051,2024-09-10,0.01,"Low"
2024-10-11,0,0.0759071725609297,0.00333333333333333,0.0116279665380716,2024-09-10,0.00333333333333333,"Low"
2024-10-14,0,0.0867951678824803,0,0.0103254532441497,2024-09-10,0,"Low"
2024-10-15,0,0.0698089497613264,0.00666666666666667,0.0107943285256624,2024-09-10,0.00666666666666667,"Low"
2024-10-16,0,0.0656337719224043,0,0.0119209187105298,2024-09-10,0,"Low"
2024-10-17,0,0.0768701787170195,0,0.0113911088556051,2024-09-10,0,"Low"
2024-10-18,0,0.0566241262708262,0,0.0108516775071621,2024-09-10,0,"Low"
2024-10-21,0,0.0788366973089742,0.00666666666666667,0.0114589836448431,2024-09-10,0.00666666666666667,"Low"
2024-10-22,0,0.0444188461386271,0.00666666666666667,0.0137803535908461,2024-09-10,0.00666666666666667,"Low"
2024-10-23,0,0.0577107809946023,0.00666666666666667,0.0127775678411126,2024-09-10,0.00666666666666667,"Low"
2024-10-24,0,0.0521611057714434,0,0.0117343831807375,2024-09-10,0,"Low"
2024-10-25,0,0.0672852691959842,0.00333333333333333,0.0111198211088777,2024-09-10,0.00333333333333333,"Low"
2024-10-28,0,0.0452734201576868,0.01,0.0133775537833571,2024-09-10,0.01,"Low"
2024-10-29,0,0.0596925339903943,0,0.0111110312864184,2024-09-10,0,"Low"
2024-10-30,0,0.0524091845102704,0,0.0117343831807375,2024-09-10,0,"Low"
2024-10-31,0,0.0699516636043539,0,0.0118586616590619,2024-09-10,0,"Low"
2024-11-01,0,0.0525841986116722,0.03,0.0148707367479801,2024-09-10,0.03,"Low"
2024-11-04,0,0.033718174354676,0.0166666666666667,0.0147829558700323,2024-09-10,0.0166666666666667,"Low"
2024-11-05,0,0.0339307339366074,0.02,0.0149796763435006,2024-09-10,0.02,"Low"
2024-11-06,0,0.0690665043940087,0.36,0.035671342164278,2024-09-10,0.36,"Medium"
2024-11-07,0,0.0363667070723826,0.02,0.0224615801125765,2024-09-10,0.02,"Low"
2024-11-08,0,0.0411836670519451,0.01,0.0261388700455427,2024-09-10,0.01,"Low"
2024-11-11,0,0.0656951240480792,0.0266666666666667,0.0284571908414364,2024-09-10,0.0266666666666667,"Low"
2024-11-12,0,0.0666850421696543,0.0733333333333333,0.0281760301440954,2024-09-10,0.0733333333333333,"Low"
2024-11-13,0,0.0849119068139548,0.03,0.0275294333696365,2024-09-10,0.03,"Low"
2024-11-14,0,0.0736969333385498,0.0333333333333333,0.02468091994524,2024-09-10,0.0333333333333333,"Low"
2024-11-15,0,0.108438580687005,0.01,0.0200308859348297,2024-09-10,0.01,"Low"
2024-11-18,0,0.0746544888594147,0,0.0169906057417393,2024-09-10,0,"Low"
2024-11-19,0,0.092696056244644,0.00333333333333333,0.0192285347729921,2024-09-10,0.00333333333333333,"Low"
2024-11-20,0,0.0896964702105771,0.00333333333333333,0.0193354040384293,2024-09-10,0.00333333333333333,"Low"
2024-11-21,0,0.0924313638194648,0.00333333333333333,0.0202820505946875,2024-09-10,0.00333333333333333,"Low"
2024-11-22,0,0.0741499056484877,0.00666666666666667,0.0179720241576433,2024-09-10,0.00666666666666667,"Low"
2024-11-25,0,0.0900284616505667,0.0133333333333333,0.0212341621518135,2024-09-10,0.0133333333333333,"Low"
2024-11-26,0,0.0919298855452402,0.0233333333333333,0.0265464689582586,2024-09-10,0.0233333333333333,"Low"
2024-11-27,0,0.0752185712516041,0.0266666666666667,0.0265464689582586,2024-09-10,0.0266666666666667,"Low"
2024-11-29,0,0.0868526388290657,0.0133333333333333,0.0198129154741764,2024-09-10,0.0133333333333333,"Low"
2024-12-02,0,0.0947586899145732,0.0233333333333333,0.0142106972634792,2024-09-10,0.0233333333333333,"Low"
2024-12-03,0,0.0893144190195147,0.02,0.0141267562285066,2024-09-10,0.02,"Low"
2024-12-04,0,0.07923349997505,0.0166666666666667,0.0151452524587512,2024-09-10,0.0166666666666667,"Low"
2024-12-05,0,0.0635493081594781,0.01,0.0138197327032685,2024-09-10,0.01,"Low"
2024-12-06,0,0.0401378165220916,0.0166666666666667,0.0138197327032685,2024-09-10,0.0166666666666667,"Low"
2024-12-09,0,0.0405693964412229,0.00333333333333333,0.0140677867457271,2024-09-10,0.00333333333333333,"Low"
2024-12-10,0,0.0383937917761595,0.0166666666666667,0.0143127050250769,2024-12-09,0.0166666666666667,"Low"
2024-12-11,0,0.0505252542366425,0.02,0.0162424445152283,2024-12-09,0.02,"Low"
2024-12-12,0,0.0688712403813125,0.00666666666666667,0.0127929812297225,2024-12-09,0.00666666666666667,"Low"
2024-12-13,0,0.0702365762588051,0.0133333333333333,0.0119649078696966,2024-12-09,0.0133333333333333,"Low"
2024-12-16,0,0.0571812752087594,0.01,0.0117340171709657,2024-12-09,0.01,"Low"
2024-12-17,0,0.0585076752890461,0.00666666666666667,0.0119257709011436,2024-12-09,0.00666666666666667,"Low"
2024-12-18,0,0.190989765293224,0.0666666666666667,0.0139307714998722,2024-12-09,0.0666666666666667,"Low"
2024-12-19,0,0.155644292467584,0,0.0101177962496877,2024-12-09,0,"Low"
2024-12-20,0,0.076994204241201,0.00666666666666667,0.0204429533332586,2024-12-09,0.00666666666666667,"Low"
2024-12-23,0,0.109393344274312,0,0.0214447695761919,2024-12-09,0,"Low"
2024-12-24,0,0.086557637259502,0.00333333333333333,0.020548215135932,2024-12-09,0.00333333333333333,"Low"
2024-12-26,0,0.0853810771518872,0.01,0.020548215135932,2024-12-09,0.01,"Low"
2024-12-27,0,0.111552300729862,0,0.0186960380524397,2024-12-09,0,"Low"
2024-12-30,0,0.105834379681273,0,0.0186960380524397,2024-12-09,0,"Low"
2024-12-31,0,0.0906040079136302,0,0.0195955447852612,2024-12-09,0,"Low"
2025-01-02,0,0.0819174178245895,0.00666666666666667,0.0183558724820614,2024-12-09,0.00666666666666667,"Low"
2025-01-03,0,0.0844312357210345,0.01,0.0258837472647429,2024-12-09,0.01,"Low"
2025-01-06,0,0.0878687585262141,0,0.0252046976238489,2024-12-09,0,"Low"
2025-01-07,0,0.079457493694821,0.00666666666666667,0.0229426268488169,2024-12-09,0.00666666666666667,"Low"
2025-01-08,0,0.0774684077359694,0.00333333333333333,0.0252046976238489,2024-12-09,0.00333333333333333,"Low"
2025-01-10,0,0.106889333658207,0.0166666666666667,0.0328738652169704,2024-12-09,0.0166666666666667,"Low"
2025-01-13,0,0.101843895887551,0,0.038206186145544,2024-12-09,0,"Low"
2025-01-14,0,0.0806780127766717,0.00666666666666667,0.0326651073992252,2024-12-09,0.00666666666666667,"Low"
2025-01-15,0,0.0709784746064047,0.04,0.0642703920602798,2024-12-09,0.04,"Low"
2025-01-16,0,0.0712147439902051,0.0333333333333333,0.0543764717876911,2024-12-09,0.0333333333333333,"Low"
2025-01-17,0,0.0885969865160052,0.0266666666666667,0.0534932389855385,2024-12-09,0.0266666666666667,"Low"
2025-01-21,0,0.0512423101134439,0.05,0.0416662283241749,2024-12-09,0.05,"Low"
2025-01-22,0,0.0798544763751139,0.00333333333333333,0.0187569707632065,2024-12-09,0.00333333333333333,"Low"
2025-01-23,0,0.0714600301210657,0,0.0200161300599575,2024-12-09,0,"Low"
2025-01-24,0,0.0525780208376169,0.01,0.0187569707632065,2024-12-09,0.01,"Low"
2025-01-27,0,0.0584070193354964,0.01,0.018770782276988,2024-12-09,0.01,"Low"
2025-01-28,0,0.0493937835172165,0.00666666666666667,0.0185725688934326,2024-12-09,0.00666666666666667,"Low"
2025-01-29,0,0.0533881725018314,0.00333333333333333,0.0187569707632065,2024-12-09,0.00333333333333333,"Low"
2025-01-30,0,0.0461969835302805,0,0.017878420650959,2024-12-09,0,"Low"
2025-01-31,0,0.0706299901849923,0.00333333333333333,0.0178952571004629,2024-12-09,0.00333333333333333,"Low"
2025-02-03,0,0.062360209244415,0.00666666666666667,0.0195955447852612,2024-12-09,0.00666666666666667,"Low"
2025-02-04,0,0.0476408349561007,0.00666666666666667,0.017878420650959,2024-12-09,0.00666666666666667,"Low"
2025-02-05,0,0.0376848687204018,0.00666666666666667,0.0195769350975752,2024-12-09,0.00666666666666667,"Low"
2025-02-06,0,0.045598266007671,0.00333333333333333,0.0195769350975752,2024-12-09,0.00333333333333333,"Low"
2025-02-07,0,0.0631114272425156,0.01,0.0177214276045561,2024-12-09,0.01,"Low"
2025-02-10,1,0.0801555383639365,0.00333333333333333,0.0186607111245394,2024-12-09,0.00333333333333333,"Low"
2025-02-11,1,0.118059785927344,0,0.01083888951689,2024-12-09,0,"Low"
2025-02-12,1,0.134761307906685,0.00666666666666667,0.0111297871917486,2024-12-09,0.00666666666666667,"Low"
2025-02-13,1,0.100291114385924,0,0.0113058043643832,2024-12-09,0,"Low"
2025-02-14,1,0.0992114621250251,0,0.0108549846336246,2024-12-09,0,"Low"
2025-02-18,1,0.0863324210332225,0,0.0100167375057936,2024-12-09,0,"Low"
2025-02-19,1,0.0735337503671954,0,0.0101510658860207,2024-12-09,0,"Low"
2025-02-20,1,0.0581466909936828,0,0.0101510658860207,2024-12-09,0,"Low"
2025-02-21,1,0.0726146753648135,0.00333333333333333,0.010695437900722,2024-12-09,0.00333333333333333,"Low"
2025-02-24,0,0.0679042739179446,0.00333333333333333,0.0106090493500233,2024-12-09,0.00333333333333333,"Low"
2025-02-25,0,0.0736747573380944,0.00333333333333333,0.0123537741601467,2024-12-09,0.00333333333333333,"Low"
2025-02-26,0,0.0766257705283993,0,0.0114666288718581,2024-12-09,0,"Low"
2025-02-27,0,0.111731028789219,0.0133333333333333,0.013759677298367,2024-12-09,0.0133333333333333,"Low"
2025-02-28,0,0.10002415866998,0.0233333333333333,0.0135698895901442,2024-12-09,0.0233333333333333,"Low"
2025-03-03,0,0.106555700116172,0.00333333333333333,0.0233772359788418,2024-12-09,0.00333333333333333,"Low"
2025-03-04,0,0.13267651362109,0.00666666666666667,0.0229974593967199,2024-12-09,0.00666666666666667,"Low"
2025-03-05,0,0.136524371769983,0,0.0256915856152773,2024-12-09,0,"Low"
2025-03-06,1,0.166492395226915,0.02,0.0318291299045086,2024-12-09,0.02,"Low"
2025-03-07,1,0.130080430401641,0.02,0.0318060256540775,2024-12-09,0.02,"Low"
2025-03-10,1,0.177131847642273,0.0933333333333333,0.0997007861733437,2024-12-09,0.0933333333333333,"Low"
2025-03-11,1,0.17533069139544,0.0966666666666667,0.0583963468670845,2024-12-09,0.0966666666666667,"Low"
2025-03-12,1,0.161401097022807,0.153333333333333,0.0775090828537941,2024-12-09,0.153333333333333,"Low"
2025-03-13,1,0.130613427782407,0.1,0.0490059927105904,2024-12-09,0.1,"Low"
2025-03-14,1,0.156742645831421,0.266666666666667,0.172741800546646,2025-03-13,0.266666666666667,"Low"
2025-03-17,1,0.119865732940822,0.28,0.169061660766602,2025-03-13,0.28,"Low"
2025-03-18,1,0.115444200334248,0.256666666666667,0.158431306481361,2025-03-13,0.256666666666667,"Low"
2025-03-19,1,0.0980789905391454,0.186666666666667,0.152182936668396,2025-03-13,0.186666666666667,"Low"
2025-03-20,1,0.0994932821289551,0.26,0.154886335134506,2025-03-13,0.26,"Low"
2025-03-21,1,0.104004688115253,0.24,0.154886335134506,2025-03-13,0.24,"Low"
2025-03-24,1,0.064364651115334,0.06,0.0895753055810928,2025-03-13,0.06,"Low"
2025-03-25,1,0.0591730919562532,0.0466666666666667,0.0636297762393951,2025-03-13,0.0466666666666667,"Low"
2025-03-26,1,0.077418952902829,0.0566666666666667,0.108083613216877,2025-03-13,0.0566666666666667,"Low"
2025-03-27,1,0.0776739350716016,0.0766666666666667,0.116346672177315,2025-03-13,0.0766666666666667,"Low"
2025-03-28,1,0.114613575926813,0.24,0.133059278130531,2025-03-13,0.24,"Low"
2025-03-31,1,0.091262540278053,0.183333333333333,0.111981801688671,2025-03-13,0.183333333333333,"Low"
2025-04-01,1,0.0863862756301158,0.256666666666667,0.158938556909561,2025-03-13,0.256666666666667,"Low"
2025-04-02,1,0.069185791412339,0.156666666666667,0.147387742996216,2025-03-13,0.156666666666667,"Low"
2025-04-03,0,0.159607980135932,0.57,0.406713038682938,2025-03-13,0.57,"Medium"
2025-04-04,0,0.273248405362635,0.633333333333333,0.251951813697815,2025-03-13,0.633333333333333,"Medium"
2025-04-07,0,0.402457736494826,0.313333333333333,0.127889022231102,2025-03-13,0.313333333333333,"Low"
2025-04-08,0,0.454244550703384,0.406666666666667,0.143350481987,2025-03-13,0.406666666666667,"Medium"
2025-04-09,0,0.230579843043121,0.356666666666667,0.32481586933136,2025-03-13,0.356666666666667,"Medium"
2025-04-10,0,0.33775491461242,0.296666666666667,0.131342545151711,2025-03-13,0.296666666666667,"Low"
2025-04-11,0,0.23981258970607,0.15,0.212282478809357,2025-03-13,0.15,"Low"
2025-04-14,0,0.156969903888956,0.2,0.207946822047234,2025-03-13,0.2,"Low"
2025-04-15,0,0.169300106393301,0.153333333333333,0.20864325761795,2025-03-13,0.153333333333333,"Low"
2025-04-16,0,0.22075069404569,0.0666666666666667,0.0612269267439842,2025-03-13,0.0666666666666667,"Low"
2025-04-17,0,0.251771869328158,0.0133333333333333,0.0597994960844517,2025-03-13,0.0133333333333333,"Low"
2025-04-21,0,0.313719137789625,0.0466666666666667,0.0677892193198204,2025-03-13,0.0466666666666667,"Low"
2025-04-22,0,0.299986656308882,0.14,0.0828151181340218,2025-03-13,0.14,"Low"
2025-04-23,0,0.240629705761157,0.0766666666666667,0.0734646990895271,2025-03-13,0.0766666666666667,"Low"
2025-04-24,0,0.166801199183754,0.183333333333333,0.0773960128426552,2025-03-13,0.183333333333333,"Low"
2025-04-25,0,0.173533146684938,0.11,0.0666965767741203,2025-03-13,0.11,"Low"
2025-04-28,0,0.126560112642313,0.23,0.222424209117889,2025-03-13,0.23,"Low"
2025-04-29,0,0.174864215505664,0.22,0.253488808870316,2025-03-13,0.22,"Low"
2025-04-30,0,0.186868330966283,0.223333333333333,0.229261159896851,2025-03-13,0.223333333333333,"Low"
2025-05-01,0,0.183679791828919,0.183333333333333,0.226927906274796,2025-03-13,0.183333333333333,"Low"
2025-05-02,0,0.125334884400976,0.216666666666667,0.208595722913742,2025-03-13,0.216666666666667,"Low"
2025-05-05,0,0.13773449641912,0.196666666666667,0.195033892989159,2025-03-13,0.196666666666667,"Low"
2025-05-06,0,0.21620372067497,0.13,0.191438525915146,2025-03-13,0.13,"Low"
2025-05-07,0,0.300781898408266,0.123333333333333,0.219396620988846,2025-03-13,0.123333333333333,"Low"
2025-05-08,0,0.395789374016634,0.106666666666667,0.210632488131523,2025-03-13,0.106666666666667,"Low"
2025-05-09,0,0.0443427506144166,0.11,0.105667524039745,2025-03-13,0.11,"Low"
2025-05-12,0,0.0628140283223677,0.15,0.130741313099861,2025-03-13,0.15,"Low"
2025-05-13,0,0.0491948993518188,0.123333333333333,0.0907489433884621,2025-03-13,0.123333333333333,"Low"
2025-05-14,0,0.0599819727034707,0.15,0.0937510877847672,2025-03-13,0.15,"Low"
2025-05-15,0,0.0489535080927121,0.1,0.0820548608899117,2025-03-13,0.1,"Low"
2025-05-16,0,0.0804258004363776,0.17,0.103419788181782,2025-03-13,0.17,"Low"
2025-05-19,0,0.0947464585034789,0.153333333333333,0.0919850766658783,2025-03-13,0.153333333333333,"Low"
2025-05-20,0,0.124334577286705,0.133333333333333,0.11238756775856,2025-03-13,0.133333333333333,"Low"
2025-05-21,0,0.155616677332704,0.226666666666667,0.163023889064789,2025-03-13,0.226666666666667,"Low"
2025-05-22,0,0.0995784601081342,0.0933333333333333,0.144836962223053,2025-03-13,0.0933333333333333,"Low"
2025-05-23,0,0.0759001713102482,0.113333333333333,0.098793238401413,2025-03-13,0.113333333333333,"Low"
2025-05-27,0,0.0642424135327174,0.15,0.0523365214467049,2025-03-13,0.15,"Low"
2025-05-28,0,0.0897922489196372,0.0833333333333333,0.0531877018511295,2025-03-13,0.0833333333333333,"Low"
2025-05-29,0,0.0615250480764719,0.09,0.0465117022395134,2025-03-13,0.09,"Low"
2025-05-30,0,0.0985754772803791,0.0833333333333333,0.053212720900774,2025-03-13,0.0833333333333333,"Low"
2025-06-02,0,0.0690116744338195,0.08,0.0433770529925823,2025-03-13,0.08,"Low"
2025-06-03,0,0.050944328401485,0.0633333333333333,0.0445651188492775,2025-03-13,0.0633333333333333,"Low"
2025-06-04,0,0.0542216229330487,0.0833333333333333,0.0429645590484142,2025-03-13,0.0833333333333333,"Low"
2025-06-05,0,0.0532145276254771,0.0566666666666667,0.0430411733686924,2025-03-13,0.0566666666666667,"Low"
2025-06-06,0,0.0641335439472928,0.11,0.0475884974002838,2025-03-13,0.11,"Low"
2025-06-09,0,0.0347612042001327,0.07,0.0432994216680527,2025-03-13,0.07,"Low"
2025-06-10,0,0.0232513280923052,0.17,0.171988323330879,2025-03-13,0.17,"Low"
2025-06-11,0,0.011880158567602,0.123333333333333,0.0258311405777931,2025-03-13,0.123333333333333,"Low"
2025-06-12,0,0.00822756641699167,0.11,0.0302719250321388,2025-03-13,0.11,"Low"
2025-06-13,0,0.0261627631944184,0.09,0.0209946408867836,2025-06-12,0.09,"Low"
2025-06-16,0,0.0254733159997483,0.0933333333333333,0.0221467576920986,2025-06-12,0.0933333333333333,"Low"
2025-06-17,0,0.0210144217907725,0.09,0.0227692928165197,2025-06-12,0.09,"Low"
2025-06-18,0,0.024024319599848,0.08,0.0210145357996225,2025-06-12,0.08,"Low"
2025-06-20,0,0.0259365297734752,0.12,0.025659367442131,2025-06-12,0.12,"Low"
2025-06-23,0,0.0235505536744888,0.106666666666667,0.0283842720091343,2025-06-12,0.106666666666667,"Low"
2025-06-24,0,0.028568561719523,0.0933333333333333,0.0368778817355633,2025-06-12,0.0933333333333333,"Low"
2025-06-25,0,0.0339138616203376,0.05,0.0168895423412323,2025-06-12,0.05,"Low"
2025-06-26,0,0.0187679412113792,0.0766666666666667,0.0431727357208729,2025-06-12,0.0766666666666667,"Low"
2025-06-27,0,0.0220925720855126,0.0866666666666667,0.0791760385036469,2025-06-12,0.0866666666666667,"Low"
2025-06-30,0,0.011961092870908,0.06,0.0612641014158726,2025-06-12,0.06,"Low"
2025-07-01,0,0.0126443712704993,0.0566666666666667,0.0507712326943874,2025-06-12,0.0566666666666667,"Low"
2025-07-02,0,0.0137671884956446,0.0666666666666667,0.0573779009282589,2025-06-12,0.0666666666666667,"Low"
2025-07-03,0,0.0159176854917801,0.293333333333333,0.0845675691962242,2025-06-12,0.293333333333333,"Low"
2025-07-07,0,0.00868368685927531,0.0766666666666667,0.0603028871119022,2025-06-12,0.0766666666666667,"Low"
2025-07-08,0,0.00329591325188696,0.0666666666666667,0.0452529899775982,2025-06-12,0.0666666666666667,"Low"
2025-07-09,0,0.00243239152405899,0.06,0.056829322129488,2025-06-12,0.06,"Low"
2025-07-10,0,0.0019035071002783,0.07,0.0547573268413544,2025-06-12,0.07,"Low"
2025-07-11,0,0.0298532946091453,0.00333333333333333,0.02152862213552,2025-06-12,0.00333333333333333,"Low"
2025-07-14,0,0.0157353703684948,0,0.0212716460227966,2025-06-12,0,"Low"
2025-07-15,0,0.0258476049078796,0.01,0.0166623052209616,2025-06-12,0.01,"Low"
2025-07-16,0,0.0242349074741426,0.00333333333333333,0.0186554025858641,2025-06-12,0.00333333333333333,"Low"
2025-07-17,0,0.0205646541214646,0,0.0178207084536552,2025-06-12,0,"Low"
2025-07-18,0,0.014996184459515,0,0.0159812644124031,2025-06-12,0,"Low"
2025-07-21,0,0.0140796371067513,0.01,0.0166735891252756,2025-06-12,0.01,"Low"
2025-07-22,0,0.00900010430447285,0,0.0160320047289133,2025-06-12,0,"Low"
2025-07-23,0,0.0155847028282465,0.00333333333333333,0.0186188649386168,2025-06-12,0.00333333333333333,"Low"
2025-07-24,0,0.0209838215453122,0.00333333333333333,0.0166984386742115,2025-06-12,0.00333333333333333,"Low"
2025-07-25,0,0.0267150198159966,0.00333333333333333,0.016479292884469,2025-06-12,0.00333333333333333,"Low"
2025-07-28,0,0.029092365538423,0.00666666666666667,0.0159394312649965,2025-06-12,0.00666666666666667,"Low"
2025-07-29,0,0.0262982676296494,0.0166666666666667,0.0185254458338022,2025-06-12,0.0166666666666667,"Low"
2025-07-30,0,0.0349915939201482,0.00666666666666667,0.0158857442438602,2025-06-12,0.00666666666666667,"Low"
2025-07-31,0,0.0318801902961885,0.00333333333333333,0.0193836651742458,2025-06-12,0.00333333333333333,"Low"
2025-08-01,0,0.0405296912099662,0.0933333333333333,0.0247641243040562,2025-06-12,0.0933333333333333,"Low"
2025-08-04,0,0.0444735958209394,0.0466666666666667,0.0238023120909929,2025-06-12,0.0466666666666667,"Low"
2025-08-05,0,0.0412001009469415,0.00666666666666667,0.0191870238631964,2025-06-12,0.00666666666666667,"Low"
2025-08-06,0,0.0419890798561565,0.00666666666666667,0.0243701674044132,2025-06-12,0.00666666666666667,"Low"
2025-08-07,0,0.0376823662233126,0.0233333333333333,0.019981948658824,2025-06-12,0.0233333333333333,"Low"
2025-08-08,0,0.040415633030201,0.00666666666666667,0.0238740798085928,2025-06-12,0.00666666666666667,"Low"
2025-08-11,0,0.03838979806923,0.0233333333333333,0.0230633411556482,2025-06-12,0.0233333333333333,"Low"
2025-08-12,0,0.0582333275913594,0.0166666666666667,0.0193906165659428,2025-06-12,0.0166666666666667,"Low"
2025-08-13,0,0.0587612191863832,0,0.0178806893527508,2025-06-12,0,"Low"
2025-08-14,0,0.0838558193811947,0.0133333333333333,0.0179628115147352,2025-06-12,0.0133333333333333,"Low"
2025-08-15,0,0.0785184186386404,0.01,0.0232296846807003,2025-06-12,0.01,"Low"
2025-08-18,0,0.0809644033785716,0.01,0.0223084986209869,2025-06-12,0.01,"Low"
2025-08-19,0,0.0905593516689024,0.00333333333333333,0.0188976619392633,2025-06-12,0.00333333333333333,"Low"
2025-08-20,0,0.0832406183608299,0.00666666666666667,0.0193983986973763,2025-06-12,0.00666666666666667,"Low"
2025-08-21,0,0.0694431808296599,0.02,0.0237127095460892,2025-06-12,0.02,"Low"
2025-08-22,0,0.0443104403814093,0.0733333333333333,0.0253631882369518,2025-06-12,0.0733333333333333,"Low"
2025-08-25,0,0.0566813086703066,0,0.0219871588051319,2025-06-12,0,"Low"
2025-08-26,0,0.0719822371863782,0.31,0.287127137184143,2025-06-12,0.31,"Low"
2025-08-27,0,0.0653959045401761,0.266666666666667,0.269534230232239,2025-06-12,0.266666666666667,"Low"
2025-08-28,0,0.0644091337793659,0.376666666666667,0.276871472597122,2025-06-12,0.376666666666667,"Medium"
2025-08-29,0,0.071052848521167,0.253333333333333,0.264078885316849,2025-06-12,0.253333333333333,"Low"
2025-09-02,0,0.0802979398458913,0.163333333333333,0.124000631272793,2025-06-12,0.163333333333333,"Low"
2025-09-03,0,0.0735024422462772,0.0666666666666667,0.0446515008807182,2025-06-12,0.0666666666666667,"Low"
2025-09-04,0,0.0676825331987981,0.0233333333333333,0.0429700203239918,2025-06-12,0.0233333333333333,"Low"
2025-09-05,0,0.0515247822546059,0.0633333333333333,0.0418251790106297,2025-06-12,0.0633333333333333,"Low"
2025-09-08,0,0.0658273885365173,0.116666666666667,0.0758571773767471,2025-06-12,0.116666666666667,"Low"
2025-09-09,0,0.077790498158568,0.07,0.0644059702754021,2025-06-12,0.07,"Low"
2025-09-10,0,0.0738910178894004,0.05,0.0655614733695984,2025-06-12,0.05,"Low"
2025-09-11,0,0.0535704347558724,0.06,0.0414282605051994,2025-06-12,0.06,"Low"
2025-09-12,0,0.0666182758189196,0.0366666666666667,0.0416054464876652,2025-06-12,0.0366666666666667,"Low"
2025-09-15,0,0.0462320075787188,0.0533333333333333,0.0518738478422165,2025-09-12,0.0533333333333333,"Low"
2025-09-16,0,0.0563539794222485,0.04,0.0518738478422165,2025-09-12,0.04,"Low"
2025-09-17,0,0.0483476768876021,0.0333333333333333,0.049062967300415,2025-09-12,0.0333333333333333,"Low"
2025-09-18,0,0.0454266859300987,0.0433333333333333,0.0505221895873547,2025-09-12,0.0433333333333333,"Low"
2025-09-19,0,0.0485846523444111,0.0366666666666667,0.0518738478422165,2025-09-12,0.0366666666666667,"Low"
2025-09-22,0,0.0511248525938851,0.113333333333333,0.0509681217372417,2025-09-12,0.113333333333333,"Low"
2025-09-23,0,0.051907851988198,0.0433333333333333,0.0571895502507687,2025-09-12,0.0433333333333333,"Low"
2025-09-24,0,0.0667169548155511,0.0233333333333333,0.0580415911972523,2025-09-12,0.0233333333333333,"Low"
2025-09-25,0,0.074783926931241,0.03,0.0620722286403179,2025-09-12,0.03,"Low"
2025-09-26,0,0.0704688781255782,0.0366666666666667,0.0563780851662159,2025-09-12,0.0366666666666667,"Low"
2025-09-29,0,0.0719197882183418,0.0433333333333333,0.0595817975699902,2025-09-12,0.0433333333333333,"Low"
2025-09-30,0,0.0760893176152218,0.0133333333333333,0.0580415911972523,2025-09-12,0.0133333333333333,"Low"
2025-10-01,0,0.0794253905075936,0.0266666666666667,0.0580415911972523,2025-09-12,0.0266666666666667,"Low"
2025-10-02,0,0.0868776475092564,0.01,0.0598974488675594,2025-09-12,0.01,"Low"
2025-10-03,0,0.0683444078539456,0.02,0.0580415911972523,2025-09-12,0.02,"Low"
2025-10-06,0,0.0712076763933221,0.1,0.0580415911972523,2025-09-12,0.1,"Low"
2025-10-07,0,0.0848765163614802,0.0133333333333333,0.058334968984127,2025-09-12,0.0133333333333333,"Low"
2025-10-08,0,0.0761216905675141,0.0333333333333333,0.0580415911972523,2025-09-12,0.0333333333333333,"Low"
2025-10-09,0,0.0891695907329022,0.0233333333333333,0.0595817975699902,2025-09-12,0.0233333333333333,"Low"
2025-10-10,0,0.110892105602897,0.0766666666666667,0.0382881425321102,2025-09-12,0.0766666666666667,"Low"
2025-10-13,0,0.0831046314207434,0.0433333333333333,0.0196969769895077,2025-09-12,0.0433333333333333,"Low"
2025-10-14,0,0.0921450417261152,0,0.0189008358865976,2025-09-12,0,"Low"
2025-10-15,0,0.102139358077124,0.0366666666666667,0.0195254273712635,2025-09-12,0.0366666666666667,"Low"
2025-10-16,0,0.120492634589463,0.04,0.0193915814161301,2025-09-12,0.04,"Low"
2025-10-17,0,0.119907082506199,0.0233333333333333,0.0196188855916262,2025-09-12,0.0233333333333333,"Low"
2025-10-20,0,0.0687588733210873,0.0433333333333333,0.0186422690749168,2025-09-12,0.0433333333333333,"Low"
2025-10-21,0,0.132726574103885,0.0133333333333333,0.018545912578702,2025-09-12,0.0133333333333333,"Low"
2025-10-22,0,0.115988830495318,0.0333333333333333,0.0193614605814219,2025-09-12,0.0333333333333333,"Low"
2025-10-23,0,0.108303818118774,0.06,0.019655991345644,2025-09-12,0.06,"Low"
2025-10-24,0,0.10392542314631,0.0633333333333333,0.0192150063812733,2025-09-12,0.0633333333333333,"Low"
2025-10-27,0,0.101396357209132,0.02,0.0201097149401903,2025-09-12,0.02,"Low"
2025-10-28,0,0.0898629323778383,0.0166666666666667,0.0191337801516056,2025-09-12,0.0166666666666667,"Low"
2025-10-29,0,0.0867092377205073,0.04,0.0204777531325817,2025-09-12,0.04,"Low"
2025-10-30,0,0.0579038203481079,0.07,0.0209323987364769,2025-09-12,0.07,"Low"
2025-10-31,0,0.0883633112462221,0.01,0.0218431409448385,2025-09-12,0.01,"Low"
2025-11-03,0,0.07891108667697,0.0566666666666667,0.0212564375251532,2025-09-12,0.0566666666666667,"Low"
2025-11-04,0,0.104918732057092,0.0133333333333333,0.0211779512465,2025-09-12,0.0133333333333333,"Low"
2025-11-05,0,0.0844631540436023,0.01,0.0210967641323805,2025-09-12,0.01,"Low"
2025-11-06,0,0.113907276681817,0.00666666666666667,0.0211779512465,2025-09-12,0.00666666666666667,"Low"
2025-11-07,0,0.105180056754917,0.00333333333333333,0.0209249034523964,2025-09-12,0.00333333333333333,"Low"
2025-11-10,0,0.099070003053994,0.0533333333333333,0.0187942273914814,2025-09-12,0.0533333333333333,"Low"
2025-11-11,0,0.0923730148574771,0,0.0179208870977163,2025-09-12,0,"Low"
2025-11-12,0,0.0910902284185133,0.00666666666666667,0.0184172559529543,2025-09-12,0.00666666666666667,"Low"
2025-11-13,0,0.13200434684264,0.0533333333333333,0.0287456680089235,2025-09-12,0.0533333333333333,"Low"
2025-11-14,0,0.122920672214845,0.0166666666666667,0.0202210079878569,2025-09-12,0.0166666666666667,"Low"
2025-11-17,0,0.131340209739982,0,0.0181998759508133,2025-09-12,0,"Low"
2025-11-18,0,0.100852065584042,0,0.017586000263691,2025-09-12,0,"Low"
2025-11-19,0,0.104506952951082,0,0.0201974976807833,2025-09-12,0,"Low"
2025-11-20,0,0.156604989754655,0.0166666666666667,0.0241638850420713,2025-09-12,0.0166666666666667,"Low"
2025-11-21,0,0.108356558606457,0.00333333333333333,0.0203022565692663,2025-09-12,0.00333333333333333,"Low"
2025-11-24,0,0.0941841100222216,0.0266666666666667,0.0217284485697746,2025-09-12,0.0266666666666667,"Low"
2025-11-25,0,0.0808321408123804,0.0133333333333333,0.0208910182118416,2025-09-12,0.0133333333333333,"Low"
2025-11-26,0,0.0768602295914734,0.363333333333333,0.317137241363525,2025-09-12,0.363333333333333,"Medium"
2025-11-28,0,0.0668019256370768,0.363333333333333,0.323854148387909,2025-09-12,0.363333333333333,"Medium"
2025-12-01,0,0.0700563683902633,0.443333333333333,0.320427417755127,2025-09-12,0.443333333333333,"Medium"
2025-12-02,0,0.069705478991969,0.43,0.303443938493729,2025-09-12,0.43,"Medium"
2025-12-03,0,0.063318998243184,0.37,0.303443938493729,2025-09-12,0.37,"Medium"
2025-12-04,0,0.0647735407888932,0.436666666666667,0.351853787899017,2025-09-12,0.436666666666667,"Medium"
2025-12-05,0,0.0725392043970162,0.39,0.330541551113129,2025-09-12,0.39,"Medium"
2025-12-08,0,0.0734172113802167,0.0866666666666667,0.0210753548890352,2025-09-12,0.0866666666666667,"Low"
2025-12-09,0,0.0739993231188707,0.03,0.0203194785863161,2025-09-12,0.03,"Low"
2025-12-10,0,0.0650166101852864,0,0.0180137455463409,2025-09-12,0,"Low"
2025-12-11,0,0.0607502764192546,0.00333333333333333,0.0179208870977163,2025-09-12,0.00333333333333333,"Low"
2025-12-12,0,0.0815124507798264,0.0366666666666667,0.0172592531889677,2025-12-11,0.0366666666666667,"Low"
2025-12-15,0,0.0834597772117029,0.0366666666666667,0.0171412527561188,2025-12-11,0.0366666666666667,"Low"
2025-12-16,0,0.0792422800535743,0.0266666666666667,0.0173540953546762,2025-12-11,0.0266666666666667,"Low"
2025-12-17,0,0.0967876095299248,0.0133333333333333,0.0186452697962523,2025-12-11,0.0133333333333333,"Low"
2025-12-18,0,0.107848837802618,0.0533333333333333,0.0203064829111099,2025-12-11,0.0533333333333333,"Low"
2025-12-19,0,0.108913064416464,0.0933333333333333,0.0191418044269085,2025-12-11,0.0933333333333333,"Low"
2025-12-22,0,0.0824715675261375,0.0566666666666667,0.0174931026995182,2025-12-11,0.0566666666666667,"Low"
2025-12-23,0,0.0859037337305828,0.0333333333333333,0.0186843071132898,2025-12-11,0.0333333333333333,"Low"
2025-12-24,0,0.0652514182040943,0.01,0.0151316169649363,2025-12-11,0.01,"Low"
2025-12-26,0,0.0670918077466988,0.02,0.0151093630120158,2025-12-11,0.02,"Low"
2025-12-29,0,0.0821132237172656,0.03,0.0156658682972193,2025-12-11,0.03,"Low"
2025-12-30,0,0.0756733913038405,0.0466666666666667,0.0159563589841127,2025-12-11,0.0466666666666667,"Low"
2025-12-31,0,0.0903603691122702,0.0266666666666667,0.0173582509160042,2025-12-11,0.0266666666666667,"Low"
2026-01-02,0,0.078535257954606,0.03,0.0173582509160042,2025-12-11,0.03,"Low"
2026-01-05,0,0.0665840039134291,0.05,0.0174646452069283,2025-12-11,0.05,"Low"
2026-01-06,0,0.0719413319542694,0.0233333333333333,0.0161561239510775,2025-12-11,0.0233333333333333,"Low"
2026-01-07,0,0.0756053385024187,0.0166666666666667,0.0156658682972193,2025-12-11,0.0166666666666667,"Low"
2026-01-08,0,0.077181371493336,0.04,0.0168335940688848,2025-12-11,0.04,"Low"
2026-01-09,0,0.0716510603197345,0.01,0.0151316169649363,2025-12-11,0.01,"Low"
2026-01-12,0,0.0477141217476747,0,0.0151093630120158,2025-12-11,0,"Low"
2026-01-13,0,0.0694014166942204,0.00666666666666667,0.0155425015836954,2025-12-11,0.00666666666666667,"Low"
2026-01-14,0,0.0603735274742728,0.0266666666666667,0.0159563589841127,2025-12-11,0.0266666666666667,"Low"
2026-01-15,0,0.0736619042356137,0.0233333333333333,0.0156411156058311,2025-12-11,0.0233333333333333,"Low"
2026-01-16,0,0.0746643762198858,0.00333333333333333,0.0153259448707104,2025-12-11,0.00333333333333333,"Low"
2026-01-20,0,0.0966228710347266,0.0633333333333333,0.0220860932022333,2025-12-11,0.0633333333333333,"Low"
2026-01-21,0,0.0911616865801739,0.0333333333333333,0.0193789880722761,2025-12-11,0.0333333333333333,"Low"
2026-01-22,0,0.0884880204658387,0.0333333333333333,0.0180379413068295,2025-12-11,0.0333333333333333,"Low"
2026-01-23,0,0.099716991888986,0.00666666666666667,0.0173540953546762,2025-12-11,0.00666666666666667,"Low"
2026-01-26,0,0.0912357381871425,0.0233333333333333,0.0182438287883997,2025-12-11,0.0233333333333333,"Low"
2026-01-27,0,0.0950921436227664,0.03,0.016608715057373,2025-12-11,0.03,"Low"
2026-01-28,0,0.105090166365892,0.0366666666666667,0.0173695012927055,2025-12-11,0.0366666666666667,"Low"
2026-01-29,0,0.124135801611352,0.02,0.0176910143345594,2025-12-11,0.02,"Low"
2026-01-30,0,0.230059227010318,0.02,0.0179105494171381,2025-12-11,0.02,"Low"
2026-02-02,0,0.127109043349574,0.0433333333333333,0.0183878894895315,2025-12-11,0.0433333333333333,"Low"
2026-02-03,0,0.092286069768824,0.0133333333333333,0.0179105494171381,2025-12-11,0.0133333333333333,"Low"
2026-02-04,0,0.144045588779134,0.00333333333333333,0.0179105494171381,2025-12-11,0.00333333333333333,"Low"
2026-02-05,0,0.147785696443579,0.0166666666666667,0.0217274706810713,2025-12-11,0.0166666666666667,"Low"
2026-02-06,0,0.0955927703291594,0.05,0.0210120789706707,2025-12-11,0.05,"Low"
2026-02-09,0,0.0832388709590757,0.0233333333333333,0.0184978954493999,2025-12-11,0.0233333333333333,"Low"
2026-02-10,0,0.0945975856063879,0.00666666666666667,0.0210549719631672,2025-12-11,0.00666666666666667,"Low"
2026-02-11,0,0.124577268641151,0.02,0.0186452697962523,2025-12-11,0.02,"Low"
2026-02-12,0,0.168447868486083,0.0466666666666667,0.0284100137650967,2025-12-11,0.0466666666666667,"Low"
2026-02-13,0,0.126973676676303,0.00666666666666667,0.0191204100847244,2025-12-11,0.00666666666666667,"Low"
2026-02-17,0,0.134791872660232,0.01,0.0191204100847244,2025-12-11,0.01,"Low"
2026-02-18,0,0.109799984355043,0.03,0.0198724456131458,2025-12-11,0.03,"Low"
2026-02-19,0,0.0957087256570735,0.00333333333333333,0.0173540953546762,2025-12-11,0.00333333333333333,"Low"
2026-02-20,0,0.0746552215141761,0.0133333333333333,0.0180379413068295,2025-12-11,0.0133333333333333,"Low"
2026-02-23,0,0.077557376887657,0.00666666666666667,0.0173540953546762,2025-12-11,0.00666666666666667,"Low"
2026-02-24,0,0.0655446981531765,0.01,0.0180379413068295,2025-12-11,0.01,"Low"
2026-02-25,0,0.067929180752669,0.0133333333333333,0.0186710264533758,2025-12-11,0.0133333333333333,"Low"
2026-02-26,0,0.0735196139536594,0,0.0173540953546762,2025-12-11,0,"Low"
2026-02-27,0,0.110093607531447,0.01,0.0186452697962523,2025-12-11,0.01,"Low"
2026-03-02,0,0.111921515016401,0.00333333333333333,0.0186452697962523,2025-12-11,0.00333333333333333,"Low"
2026-03-03,0,0.18241494853764,0,0.0186452697962523,2025-12-11,0,"Low"
2026-03-04,0,0.1136178817682,0.03,0.0205632783472538,2025-12-11,0.03,"Low"
2026-03-05,0,0.161628055202909,0.00666666666666667,0.0180057771503925,2025-12-11,0.00666666666666667,"Low"
2026-03-06,0,0.179816308402375,0.0166666666666667,0.0224772542715073,2025-12-11,0.0166666666666667,"Low"
2026-03-09,0,0.131903043859611,0.01,0.0198724456131458,2025-12-11,0.01,"Low"
2026-03-10,0,0.137176638324984,0.00333333333333333,0.0186452697962523,2025-12-11,0.00333333333333333,"Low"
2026-03-11,0,0.124188648886813,0.00333333333333333,0.0186452697962523,2025-12-11,0.00333333333333333,"Low"
2026-03-12,0,0.163606514110131,0.0266666666666667,0.0235850252211094,2025-12-11,0.0266666666666667,"Low"
2026-03-13,0,0.173384674496854,0.00666666666666667,0.0226061940193176,2025-12-11,0.00666666666666667,"Low"
2026-03-16,0,0.140513517736783,0.01,0.0220765862613916,2025-12-11,0.01,"Low"
