"date","actual","logit_prob","rf_prob","train_end_date"
2022-09-08,1,0.278663996863765,0.71,2022-09-07
2022-09-09,1,0.117194702504898,0.343333333333333,2022-09-07
2022-09-12,1,0.0651094690427668,0.196666666666667,2022-09-07
2022-09-13,1,0.0331860617831857,0.33,2022-09-07
2022-09-14,1,0.030780046228763,0.213333333333333,2022-09-07
2022-09-15,1,0.03626253576704,0.22,2022-09-07
2022-09-16,0,0.0222194856483394,0.246666666666667,2022-09-07
2022-09-19,1,0.0113581216542033,0.223333333333333,2022-09-07
2022-09-20,0,0.0368795487417675,0.276666666666667,2022-09-07
2022-09-21,0,0.0252777317502011,0.266666666666667,2022-09-07
2022-09-22,0,0.0548373944996737,0.436666666666667,2022-09-07
2022-09-23,0,0.102661538165511,0.323333333333333,2022-09-07
2022-09-26,0,0.0809560035026663,0.306666666666667,2022-09-07
2022-09-27,0,0.0429338765489372,0.276666666666667,2022-09-07
2022-09-28,0,0.0150664004885565,0.36,2022-09-07
2022-09-29,0,0.028567005373556,0.303333333333333,2022-09-07
2022-09-30,0,0.0432535245741239,0.233333333333333,2022-09-07
2022-10-03,0,0.0237238175098623,0.41,2022-09-07
2022-10-04,0,0.0337375904123881,0.52,2022-09-07
2022-10-05,0,0.0691407329799155,0.336666666666667,2022-09-07
2022-10-06,0,0.0405022297398758,0.34,2022-09-07
2022-10-07,0,0.0346492468335162,0.226666666666667,2022-09-07
2022-10-10,0,0.0239930277932381,0.213333333333333,2022-09-07
2022-10-11,0,0.00960623572310902,0.193333333333333,2022-09-07
2022-10-12,0,0.00825406060153943,0.16,2022-09-07
2022-10-13,0,0.0141493680145653,0.39,2022-09-07
2022-10-14,0,0.014115810671069,0.223333333333333,2022-09-07
2022-10-17,0,0.0263617108426186,0.4,2022-09-07
2022-10-18,0,0.0195761323736049,0.253333333333333,2022-09-07
2022-10-19,0,0.0475618432577911,0.313333333333333,2022-09-07
2022-10-20,0,0.0388573567349658,0.25,2022-09-07
2022-10-21,0,0.0403729331731468,0.476666666666667,2022-09-07
2022-10-24,0,0.041045037791085,0.39,2022-09-07
2022-10-25,0,0.0519381089364065,0.353333333333333,2022-09-07
2022-10-26,0,0.0682624902891095,0.18,2022-09-07
2022-10-27,0,0.0877302417875956,0.176666666666667,2022-09-07
2022-10-28,0,0.207578805876784,0.256666666666667,2022-09-07
2022-10-31,0,0.193101538911325,0.166666666666667,2022-09-07
2022-11-01,0,0.135455486968438,0.13,2022-09-07
2022-11-02,0,0.121587630319365,0.206666666666667,2022-09-07
2022-11-03,0,0.113971063490792,0.14,2022-09-07
2022-11-04,0,0.145681052078879,0.143333333333333,2022-09-07
2022-11-07,0,0.214075462500927,0.17,2022-09-07
2022-11-08,0,0.285443256470821,0.08,2022-09-07
2022-11-09,0,0.422404652632363,0.21,2022-09-07
2022-11-10,0,0.565720314148607,0.366666666666667,2022-09-07
2022-11-11,0,0.607232824661839,0.213333333333333,2022-09-07
2022-11-14,0,0.708843157200101,0.173333333333333,2022-09-07
2022-11-15,0,0.549530103875705,0.153333333333333,2022-09-07
2022-11-16,0,0.525425780706364,0.21,2022-09-07
2022-11-17,0,0.655428848069151,0.213333333333333,2022-09-07
2022-11-18,0,0.598435421744436,0.196666666666667,2022-09-07
2022-11-21,0,0.426753791991532,0.26,2022-09-07
2022-11-22,0,0.414168521290483,0.193333333333333,2022-09-07
2022-11-23,0,0.427642070054882,0.19,2022-09-07
2022-11-25,0,0.37050535772871,0.103333333333333,2022-09-07
2022-11-28,0,0.446621124568218,0.293333333333333,2022-09-07
2022-11-29,0,0.234703590458644,0.15,2022-09-07
2022-11-30,0,0.284592027732141,0.213333333333333,2022-09-07
2022-12-01,0,0.21660284041758,0.0933333333333333,2022-09-07
2022-12-02,0,0.281266425458279,0.08,2022-09-07
2022-12-05,0,0.506701335385066,0.23,2022-09-07
2022-12-06,0,0.434964821532896,0.22,2022-09-07
2022-12-07,0,0.281349100831447,0.13,2022-12-06
2022-12-08,0,0.433009072362607,0.09,2022-12-06
2022-12-09,0,0.602509771043437,0.26,2022-12-06
2022-12-12,0,0.176340326302029,0.21,2022-12-06
2022-12-13,0,0.112158723776669,0.0766666666666667,2022-12-06
2022-12-14,0,0.1204152163875,0.186666666666667,2022-12-06
2022-12-15,0,0.145014267319843,0.34,2022-12-06
2022-12-16,0,0.176127681277102,0.326666666666667,2022-12-06
2022-12-19,0,0.180332498744647,0.36,2022-12-06
2022-12-20,0,0.122798210250388,0.33,2022-12-06
2022-12-21,0,0.0960675347771879,0.336666666666667,2022-12-06
2022-12-22,0,0.0759302115613852,0.333333333333333,2022-12-06
2022-12-23,0,0.058407061285072,0.423333333333333,2022-12-06
2022-12-27,0,0.0505671513250649,0.42,2022-12-06
2022-12-28,0,0.0772918525895204,0.4,2022-12-06
2022-12-29,0,0.0436896745238892,0.476666666666667,2022-12-06
2022-12-30,0,0.023182272175251,0.456666666666667,2022-12-06
2023-01-03,0,0.0216585116297649,0.46,2022-12-06
2023-01-04,0,0.0331754956092617,0.533333333333333,2022-12-06
2023-01-05,0,0.0467841925115742,0.586666666666667,2022-12-06
2023-01-06,0,0.0301591150208697,0.396666666666667,2022-12-06
2023-01-09,0,0.0267164433151605,0.446666666666667,2022-12-06
2023-01-10,0,0.0215094999107533,0.34,2022-12-06
2023-01-11,0,0.015511327214659,0.3,2022-12-06
2023-01-12,0,0.00619198995958102,0.28,2022-12-06
2023-01-13,0,0.0143332694723313,0.35,2022-12-06
2023-01-17,0,0.0130055054394737,0.293333333333333,2022-12-06
2023-01-18,0,0.016754348612657,0.2,2022-12-06
2023-01-19,0,0.026737580980548,0.206666666666667,2022-12-06
2023-01-20,0,0.0382498604910367,0.336666666666667,2022-12-06
2023-01-23,0,0.0271594534153644,0.363333333333333,2022-12-06
2023-01-24,0,0.0219996859622348,0.223333333333333,2022-12-06
2023-01-25,0,0.0358213580770125,0.2,2022-12-06
2023-01-26,0,0.0657231247433574,0.193333333333333,2022-12-06
2023-01-27,0,0.0522110008505427,0.17,2022-12-06
2023-01-30,0,0.0564930204598178,0.226666666666667,2022-12-06
2023-01-31,0,0.0576891160574995,0.18,2022-12-06
2023-02-01,0,0.0510178078422283,0.2,2022-12-06
2023-02-02,0,0.0975810071280619,0.376666666666667,2022-12-06
2023-02-03,0,0.0654815475453236,0.226666666666667,2022-12-06
2023-02-06,0,0.0591589919520327,0.196666666666667,2022-12-06
2023-02-07,0,0.0560679299104518,0.143333333333333,2022-12-06
2023-02-08,0,0.0569393670849993,0.173333333333333,2022-12-06
2023-02-09,0,0.0909320243407578,0.09,2022-12-06
2023-02-10,0,0.0499406167929994,0.0833333333333333,2022-12-06
2023-02-13,0,0.139264184319062,0.08,2022-12-06
2023-02-14,0,0.16896532179775,0.0333333333333333,2022-12-06
2023-02-15,0,0.177159141114555,0.0466666666666667,2022-12-06
2023-02-16,0,0.229910674799685,0.0533333333333333,2022-12-06
2023-02-17,0,0.172836709717547,0.06,2022-12-06
2023-02-21,0,0.262522250890758,0.07,2022-12-06
2023-02-22,0,0.163947188986957,0.0366666666666667,2022-12-06
2023-02-23,0,0.150976348510188,0.0333333333333333,2022-12-06
2023-02-24,0,0.250394531327924,0.05,2022-12-06
2023-02-27,0,0.189120889299,0.06,2022-12-06
2023-02-28,0,0.174508667230277,0.0466666666666667,2022-12-06
2023-03-01,0,0.177019614245859,0.05,2022-12-06
2023-03-02,0,0.150201816745326,0.0533333333333333,2022-12-06
2023-03-03,0,0.147155117114897,0.113333333333333,2022-12-06
2023-03-06,0,0.185708407961674,0.0766666666666667,2022-12-06
2023-03-07,0,0.181291563378016,0.143333333333333,2022-12-06
2023-03-08,0,0.143998429706949,0.03,2022-12-06
2023-03-09,0,0.125427663895086,0.03,2022-12-06
2023-03-10,0,0.0894652571481383,0.0633333333333333,2023-03-09
2023-03-13,0,0.130348200888052,0.05,2023-03-09
2023-03-14,0,0.130072007186196,0.04,2023-03-09
2023-03-15,0,0.110627090593699,0.0733333333333333,2023-03-09
2023-03-16,0,0.117702298365834,0.0233333333333333,2023-03-09
2023-03-17,0,0.0929533890833103,0.11,2023-03-09
2023-03-20,0,0.0726875546983728,0.01,2023-03-09
2023-03-21,0,0.068229511108566,0.0166666666666667,2023-03-09
2023-03-22,0,0.0542227000151282,0.0333333333333333,2023-03-09
2023-03-23,0,0.0694915436311903,0.0566666666666667,2023-03-09
2023-03-24,0,0.069143403633807,0.0166666666666667,2023-03-09
2023-03-27,0,0.0695645290791924,0.05,2023-03-09
2023-03-28,0,0.0532828445442614,0.0133333333333333,2023-03-09
2023-03-29,0,0.0678035302417335,0.00666666666666667,2023-03-09
2023-03-30,0,0.0495079950243866,0.0366666666666667,2023-03-09
2023-03-31,0,0.0555251320018827,0.09,2023-03-09
2023-04-03,0,0.0361391147848023,0.0566666666666667,2023-03-09
2023-04-04,0,0.0374416947359956,0.05,2023-03-09
2023-04-05,0,0.0445458995141262,0.0133333333333333,2023-03-09
2023-04-06,0,0.0464112081729727,0.0433333333333333,2023-03-09
2023-04-10,0,0.0795754992081277,0.06,2023-03-09
2023-04-11,0,0.0620767549542765,0.0533333333333333,2023-03-09
2023-04-12,0,0.0899327642805126,0.07,2023-03-09
2023-04-13,0,0.0928088523101349,0.03,2023-03-09
2023-04-14,0,0.141142252988648,0.0433333333333333,2023-03-09
2023-04-17,0,0.093366740372537,0.02,2023-03-09
2023-04-18,0,0.0939101895581374,0.0133333333333333,2023-03-09
2023-04-19,0,0.0791515218279143,0.02,2023-03-09
2023-04-20,0,0.0543845470489382,0.00666666666666667,2023-03-09
2023-04-21,0,0.0971017184075645,0,2023-03-09
2023-04-24,0,0.0922874649562297,0.00666666666666667,2023-03-09
2023-04-25,0,0.114046972921757,0.0166666666666667,2023-03-09
2023-04-26,0,0.155913142419095,0.0166666666666667,2023-03-09
2023-04-27,0,0.192243750687897,0.0466666666666667,2023-03-09
2023-04-28,0,0.107084622118215,0.0133333333333333,2023-03-09
2023-05-01,0,0.145004435696837,0.23,2023-03-09
2023-05-02,0,0.0954827565139495,0.0233333333333333,2023-03-09
2023-05-03,0,0.124146974936301,0.01,2023-03-09
2023-05-04,0,0.225913050373112,0.0933333333333333,2023-03-09
2023-05-05,0,0.195152398595218,0.0466666666666667,2023-03-09
2023-05-08,0,0.182873851640394,0.02,2023-03-09
2023-05-09,0,0.18957277335692,0.01,2023-03-09
2023-05-10,0,0.161384879388641,0.00666666666666667,2023-03-09
2023-05-11,0,0.169684850410085,0.01,2023-03-09
2023-05-12,0,0.150962011173709,0.00666666666666667,2023-03-09
2023-05-15,0,0.163615949062198,0.0133333333333333,2023-03-09
2023-05-16,0,0.21304675614717,0.00333333333333333,2023-03-09
2023-05-17,0,0.157709665762193,0.00333333333333333,2023-03-09
2023-05-18,0,0.173652093089334,0.0233333333333333,2023-03-09
2023-05-19,0,0.142209392518343,0.02,2023-03-09
2023-05-22,0,0.110150564467346,0.0133333333333333,2023-03-09
2023-05-23,0,0.104767827347241,0.01,2023-03-09
2023-05-24,0,0.170707393869539,0.00333333333333333,2023-03-09
2023-05-25,0,0.179630440766116,0.0366666666666667,2023-03-09
2023-05-26,0,0.0916154901494576,0.04,2023-03-09
2023-05-30,0,0.0666168889580268,0.0166666666666667,2023-03-09
2023-05-31,0,0.067519346890991,0,2023-03-09
2023-06-01,0,0.0710389883892863,0.01,2023-03-09
2023-06-02,0,0.114700434748812,0.0666666666666667,2023-03-09
2023-06-05,0,0.129148838497708,0.0466666666666667,2023-03-09
2023-06-06,0,0.0536508999710513,0.0166666666666667,2023-03-09
2023-06-07,0,0.0814566067865202,0.03,2023-03-09
2023-06-08,0,0.0636967347554107,0.0533333333333333,2023-03-09
2023-06-09,0,0.0632471278968527,0.0166666666666667,2023-06-08
2023-06-12,0,0.0601255985294756,0.1,2023-06-08
2023-06-13,0,0.0841036750444785,0.0366666666666667,2023-06-08
2023-06-14,0,0.0634975331196175,0.0533333333333333,2023-06-08
2023-06-15,0,0.0931412471283731,0.136666666666667,2023-06-08
2023-06-16,0,0.0706492545782523,0.0733333333333333,2023-06-08
2023-06-20,0,0.0822439213836712,0.0366666666666667,2023-06-08
2023-06-21,0,0.0930181344684891,0.0233333333333333,2023-06-08
2023-06-22,0,0.123384672889911,0.0233333333333333,2023-06-08
2023-06-23,0,0.0994084622163167,0.0433333333333333,2023-06-08
2023-06-26,0,0.11433371394599,0.0566666666666667,2023-06-08
2023-06-27,0,0.131142051066659,0.0566666666666667,2023-06-08
2023-06-28,0,0.0836300210899186,0.01,2023-06-08
2023-06-29,0,0.138514881206576,0.0166666666666667,2023-06-08
2023-06-30,0,0.127335609894444,0.0633333333333333,2023-06-08
2023-07-03,0,0.156572161602337,0.0166666666666667,2023-06-08
2023-07-05,0,0.160393724176705,0.00333333333333333,2023-06-08
2023-07-06,0,0.178847356988947,0.01,2023-06-08
2023-07-07,0,0.107967703081556,0.04,2023-06-08
2023-07-10,0,0.122579289703123,0.01,2023-06-08
2023-07-11,0,0.117961327633529,0.01,2023-06-08
2023-07-12,0,0.0940105036697207,0.0233333333333333,2023-06-08
2023-07-13,0,0.104169827265271,0.0833333333333333,2023-06-08
2023-07-14,0,0.135593592903983,0.00666666666666667,2023-06-08
2023-07-17,0,0.112428840130741,0.0133333333333333,2023-06-08
2023-07-18,0,0.0800651282345055,0.0266666666666667,2023-06-08
2023-07-19,0,0.0885956454728613,0.0433333333333333,2023-06-08
2023-07-20,0,0.110950093813258,0.0466666666666667,2023-06-08
2023-07-21,0,0.104301155317696,0.01,2023-06-08
2023-07-24,0,0.10601941974603,0.00666666666666667,2023-06-08
2023-07-25,0,0.106436577180371,0.00333333333333333,2023-06-08
2023-07-26,0,0.0773221491371924,0.00666666666666667,2023-06-08
2023-07-27,0,0.125821760663654,0.0133333333333333,2023-06-08
2023-07-28,0,0.0998332523036432,0.0433333333333333,2023-06-08
2023-07-31,0,0.107603803392273,0.00333333333333333,2023-06-08
2023-08-01,0,0.135491828660316,0.02,2023-06-08
2023-08-02,0,0.128274018779289,0.0533333333333333,2023-06-08
2023-08-03,0,0.118969341640407,0.0766666666666667,2023-06-08
2023-08-04,0,0.0800002234355944,0.0733333333333333,2023-06-08
2023-08-07,0,0.145572470483274,0.0633333333333333,2023-06-08
2023-08-08,0,0.126361070359893,0.09,2023-06-08
2023-08-09,0,0.111794197682711,0.0866666666666667,2023-06-08
2023-08-10,0,0.13838108326357,0.1,2023-06-08
2023-08-11,0,0.0838479452066472,0.126666666666667,2023-06-08
2023-08-14,0,0.0982532449974478,0.08,2023-06-08
2023-08-15,0,0.110120436364333,0.0533333333333333,2023-06-08
2023-08-16,0,0.090991182962467,0.04,2023-06-08
2023-08-17,0,0.107084530555812,0.0166666666666667,2023-06-08
2023-08-18,0,0.0934448110965237,0.0166666666666667,2023-06-08
2023-08-21,0,0.114474235299375,0.08,2023-06-08
2023-08-22,0,0.0793101555352007,0,2023-06-08
2023-08-23,0,0.048720511062545,0.186666666666667,2023-06-08
2023-08-24,0,0.0676324673251914,0.0166666666666667,2023-06-08
2023-08-25,0,0.066913169473882,0.0166666666666667,2023-06-08
2023-08-28,0,0.0622436400032503,0.0133333333333333,2023-06-08
2023-08-29,0,0.0531427449013543,0.06,2023-06-08
2023-08-30,0,0.0490831166405155,0.136666666666667,2023-06-08
2023-08-31,0,0.0577040998932738,0.00666666666666667,2023-06-08
2023-09-01,0,0.0806610233316095,0.01,2023-06-08
2023-09-05,0,0.113480216328406,0.01,2023-06-08
2023-09-06,0,0.0750479984982328,0,2023-06-08
2023-09-07,0,0.0724469157553332,0,2023-06-08
2023-09-08,0,0.0785760647978372,0.00333333333333333,2023-06-08
2023-09-11,0,0.0807422965746343,0.00333333333333333,2023-09-08
2023-09-12,0,0.0819986918429518,0,2023-09-08
2023-09-13,0,0.0957206148894614,0.00666666666666667,2023-09-08
2023-09-14,0,0.0918993962510649,0,2023-09-08
2023-09-15,0,0.128623196469159,0.00666666666666667,2023-09-08
2023-09-18,0,0.128461265243191,0.01,2023-09-08
2023-09-19,0,0.140677407602502,0.01,2023-09-08
2023-09-20,0,0.122808285502154,0.00666666666666667,2023-09-08
2023-09-21,0,0.219109282078416,0.1,2023-09-08
2023-09-22,0,0.117860068021319,0.01,2023-09-08
2023-09-25,0,0.161077965801246,0.05,2023-09-08
2023-09-26,0,0.181503451231249,0.06,2023-09-08
2023-09-27,0,0.140086466964243,0.0633333333333333,2023-09-08
2023-09-28,0,0.101816082142429,0.0266666666666667,2023-09-08
2023-09-29,0,0.138848333161503,0.0166666666666667,2023-09-08
2023-10-02,0,0.168006187580281,0.0266666666666667,2023-09-08
2023-10-03,0,0.164012317771224,0.0366666666666667,2023-09-08
2023-10-04,0,0.0932064500084554,0.04,2023-09-08
2023-10-05,0,0.0983524019716189,0.0266666666666667,2023-09-08
2023-10-06,0,0.10797922968837,0.0433333333333333,2023-09-08
2023-10-09,0,0.064134799791176,0.0433333333333333,2023-09-08
2023-10-10,0,0.0866792271648307,0.0266666666666667,2023-09-08
2023-10-11,0,0.0826458033546668,0.0566666666666667,2023-09-08
2023-10-12,0,0.152305862127953,0.1,2023-09-08
2023-10-13,0,0.0737377919497435,0.0366666666666667,2023-09-08
2023-10-16,0,0.105030570642915,0.09,2023-09-08
2023-10-17,0,0.109715980015908,0.0933333333333333,2023-09-08
2023-10-18,0,0.117713539449411,0.0433333333333333,2023-09-08
2023-10-19,0,0.146882157347225,0.136666666666667,2023-09-08
2023-10-20,0,0.135000955318652,0.136666666666667,2023-09-08
2023-10-23,0,0.152518644711189,0.163333333333333,2023-09-08
2023-10-24,0,0.128893873464294,0.163333333333333,2023-09-08
2023-10-25,0,0.193481554442512,0.15,2023-09-08
2023-10-26,0,0.155421247136429,0.143333333333333,2023-09-08
2023-10-27,0,0.219956202560656,0.14,2023-09-08
2023-10-30,0,0.202205529993127,0.186666666666667,2023-09-08
2023-10-31,0,0.162688547468512,0.19,2023-09-08
2023-11-01,0,0.148825104203634,0.213333333333333,2023-09-08
2023-11-02,0,0.110659604781841,0.176666666666667,2023-09-08
2023-11-03,0,0.129187489134361,0.23,2023-09-08
2023-11-06,0,0.159088760069759,0.14,2023-09-08
2023-11-07,0,0.112736794292534,0.123333333333333,2023-09-08
2023-11-08,0,0.107252865920086,0.12,2023-09-08
2023-11-09,0,0.140158157787688,0.15,2023-09-08
2023-11-10,0,0.135195105114108,0.126666666666667,2023-09-08
2023-11-13,0,0.102929369867615,0.0166666666666667,2023-09-08
2023-11-14,0,0.0556548356362989,0.14,2023-09-08
2023-11-15,0,0.087054571612884,0.13,2023-09-08
2023-11-16,0,0.0770165892025802,0.126666666666667,2023-09-08
2023-11-17,0,0.091677290401975,0.1,2023-09-08
2023-11-20,0,0.116983245706403,0.12,2023-09-08
2023-11-21,0,0.138462885354512,0.09,2023-09-08
2023-11-22,0,0.133294210797606,0.0733333333333333,2023-09-08
2023-11-24,0,0.150502385742903,0.05,2023-09-08
2023-11-27,0,0.181103250201205,0.05,2023-09-08
2023-11-28,0,0.271330281060135,0.0366666666666667,2023-09-08
2023-11-29,0,0.271505695489253,0.0366666666666667,2023-09-08
2023-11-30,0,0.32586517141031,0.0333333333333333,2023-09-08
2023-12-01,0,0.193922685673146,0.0533333333333333,2023-09-08
2023-12-04,0,0.245750707915602,0.01,2023-09-08
2023-12-05,0,0.191721354038632,0.00666666666666667,2023-09-08
2023-12-06,0,0.171161446930562,0,2023-09-08
2023-12-07,0,0.227576294836021,0.00666666666666667,2023-09-08
2023-12-08,0,0.231852008357175,0.00666666666666667,2023-12-07
2023-12-11,0,0.236477280626717,0,2023-12-07
2023-12-12,0,0.175588761052404,0,2023-12-07
2023-12-13,0,0.131979649784042,0.02,2023-12-07
2023-12-14,0,0.0856847117376799,0.02,2023-12-07
2023-12-15,0,0.174157378953041,0.00666666666666667,2023-12-07
2023-12-18,0,0.15176576715208,0.04,2023-12-07
2023-12-19,0,0.109318521546296,0.0533333333333333,2023-12-07
2023-12-20,0,0.126614148359853,0.00666666666666667,2023-12-07
2023-12-21,0,0.11076655032992,0.00666666666666667,2023-12-07
2023-12-22,0,0.106096229449855,0.00333333333333333,2023-12-07
2023-12-26,0,0.083131870935796,0.03,2023-12-07
2023-12-27,0,0.07531072558526,0.0433333333333333,2023-12-07
2023-12-28,0,0.12688278624885,0,2023-12-07
2023-12-29,0,0.131121269367765,0,2023-12-07
2024-01-02,0,0.109907369481438,0.01,2023-12-07
2024-01-03,0,0.12009301595823,0.00666666666666667,2023-12-07
2024-01-04,0,0.118643580511083,0.00333333333333333,2023-12-07
2024-01-05,0,0.112295770352751,0.01,2023-12-07
2024-01-08,0,0.137545012836652,0.0733333333333333,2023-12-07
2024-01-09,0,0.14261329920103,0.00333333333333333,2023-12-07
2024-01-10,0,0.153003992299944,0.01,2023-12-07
2024-01-11,0,0.138319340299498,0,2023-12-07
2024-01-12,0,0.119039367302739,0.01,2023-12-07
2024-01-16,0,0.136482585256547,0.00333333333333333,2023-12-07
2024-01-17,0,0.125540311267084,0.0366666666666667,2023-12-07
2024-01-18,0,0.103852940822269,0.07,2023-12-07
2024-01-19,0,0.0811573823036989,0.0166666666666667,2023-12-07
2024-01-22,0,0.0501343618209572,0.0166666666666667,2023-12-07
2024-01-23,0,0.0544868820735626,0.00333333333333333,2023-12-07
2024-01-24,0,0.0590250159542338,0.00333333333333333,2023-12-07
2024-01-25,0,0.0422270604523199,0,2023-12-07
2024-01-26,0,0.0349275264274971,0,2023-12-07
2024-01-29,0,0.0240620685390288,0.04,2023-12-07
2024-01-30,0,0.0231532972228485,0.02,2023-12-07
2024-01-31,0,0.0388937818118959,0.0333333333333333,2023-12-07
2024-02-01,0,0.0342629674434793,0.04,2023-12-07
2024-02-02,0,0.0832370360371426,0.0366666666666667,2023-12-07
2024-02-05,0,0.0923000684480318,0.0133333333333333,2023-12-07
2024-02-06,0,0.0686332562192711,0.01,2023-12-07
2024-02-07,0,0.0853080203088475,0.00333333333333333,2023-12-07
2024-02-08,0,0.0709651422629635,0,2023-12-07
2024-02-09,0,0.0735692411944201,0.00666666666666667,2023-12-07
2024-02-12,0,0.0580738208681231,0.00666666666666667,2023-12-07
2024-02-13,0,0.165800273074715,0.02,2023-12-07
2024-02-14,0,0.0788068377603397,0.02,2023-12-07
2024-02-15,0,0.107686913034959,0.0733333333333333,2023-12-07
2024-02-16,0,0.137983460263552,0.0133333333333333,2023-12-07
2024-02-20,0,0.125533428656663,0.0133333333333333,2023-12-07
2024-02-21,0,0.128375238723675,0.0133333333333333,2023-12-07
2024-02-22,0,0.151281016117944,0.0666666666666667,2023-12-07
2024-02-23,0,0.0920642496088711,0.09,2023-12-07
2024-02-26,0,0.118255813129711,0.0533333333333333,2023-12-07
2024-02-27,0,0.120431481329826,0.0466666666666667,2023-12-07
2024-02-28,0,0.112827506489592,0.0433333333333333,2023-12-07
2024-02-29,0,0.101367447682872,0.0766666666666667,2023-12-07
2024-03-01,0,0.0974890677316341,0.04,2023-12-07
2024-03-04,0,0.0873595211422695,0.0133333333333333,2023-12-07
2024-03-05,0,0.0874255336184349,0.0133333333333333,2023-12-07
2024-03-06,0,0.0899732821900975,0.01,2023-12-07
2024-03-07,0,0.0967444106821203,0.0166666666666667,2023-12-07
2024-03-08,0,0.0709304292037546,0.0233333333333333,2023-12-07
2024-03-11,0,0.0900512855658152,0.01,2023-12-07
2024-03-12,0,0.0919666046668215,0.00666666666666667,2024-03-11
2024-03-13,0,0.0674669252470561,0.00333333333333333,2024-03-11
2024-03-14,0,0.120674690144468,0.00333333333333333,2024-03-11
2024-03-15,0,0.0990829018891459,0,2024-03-11
2024-03-18,0,0.107070760262111,0.00666666666666667,2024-03-11
2024-03-19,0,0.0906285010635001,0,2024-03-11
2024-03-20,0,0.0864625740677774,0.00333333333333333,2024-03-11
2024-03-21,0,0.104797616062803,0,2024-03-11
2024-03-22,0,0.0747166133224708,0.00333333333333333,2024-03-11
2024-03-25,0,0.0743844226995009,0,2024-03-11
2024-03-26,0,0.0775507564789824,0.00666666666666667,2024-03-11
2024-03-27,0,0.0653159891876062,0.01,2024-03-11
2024-03-28,0,0.0783533566021482,0.00333333333333333,2024-03-11
2024-04-01,0,0.101070377902138,0,2024-03-11
2024-04-02,0,0.0766286019740936,0.01,2024-03-11
2024-04-03,0,0.0623901729025881,0.00333333333333333,2024-03-11
2024-04-04,0,0.0762168415097715,0.01,2024-03-11
2024-04-05,0,0.0733086728630542,0.0466666666666667,2024-03-11
2024-04-08,0,0.0462905108809314,0.00333333333333333,2024-03-11
2024-04-09,0,0.0613065730232722,0.0433333333333333,2024-03-11
2024-04-10,0,0.11398540144087,0.01,2024-03-11
2024-04-11,0,0.0610846839969079,0.0833333333333333,2024-03-11
2024-04-12,0,0.0982556058741737,0.00666666666666667,2024-03-11
2024-04-15,0,0.087997662811636,0.0133333333333333,2024-03-11
2024-04-16,0,0.0854817953466061,0,2024-03-11
2024-04-17,0,0.0720793418151067,0.01,2024-03-11
2024-04-18,0,0.0776800455219317,0.00333333333333333,2024-03-11
2024-04-19,0,0.0732754114355773,0.00666666666666667,2024-03-11
2024-04-22,0,0.0892860452935612,0.0233333333333333,2024-03-11
2024-04-23,0,0.069497041110045,0.0166666666666667,2024-03-11
2024-04-24,0,0.075666748288102,0,2024-03-11
2024-04-25,0,0.0758583939321389,0.00333333333333333,2024-03-11
2024-04-26,0,0.0547968549187096,0.0133333333333333,2024-03-11
2024-04-29,0,0.0543705765424176,0.00333333333333333,2024-03-11
2024-04-30,0,0.0897420619541068,0.02,2024-03-11
2024-05-01,0,0.0474353814636773,0.00333333333333333,2024-03-11
2024-05-02,0,0.0597703485566834,0.00333333333333333,2024-03-11
2024-05-03,0,0.068669014078166,0.01,2024-03-11
2024-05-06,0,0.0450015261774471,0.00333333333333333,2024-03-11
2024-05-07,0,0.0519053998457475,0.00666666666666667,2024-03-11
2024-05-08,0,0.0628978101043366,0,2024-03-11
2024-05-09,0,0.0453011634321644,0.0166666666666667,2024-03-11
2024-05-10,0,0.0557622907214875,0.00666666666666667,2024-03-11
2024-05-13,0,0.0647884072032101,0,2024-03-11
2024-05-14,0,0.0429889935033074,0,2024-03-11
2024-05-15,0,0.0455797854814355,0.05,2024-03-11
2024-05-16,0,0.0767490615756369,0,2024-03-11
2024-05-17,0,0.0624027329229084,0.00666666666666667,2024-03-11
2024-05-20,0,0.0755705604995557,0.00333333333333333,2024-03-11
2024-05-21,0,0.0679770518387823,0,2024-03-11
2024-05-22,0,0.117470142662221,0,2024-03-11
2024-05-23,0,0.141306348649661,0,2024-03-11
2024-05-24,0,0.0955529229592738,0,2024-03-11
2024-05-28,0,0.105522964471969,0,2024-03-11
2024-05-29,0,0.134135732792863,0,2024-03-11
2024-05-30,0,0.0900055251328216,0.00666666666666667,2024-03-11
2024-05-31,0,0.133685317898946,0,2024-03-11
2024-06-03,0,0.109983794227229,0,2024-03-11
2024-06-04,0,0.111230774776045,0.00333333333333333,2024-03-11
2024-06-05,0,0.0784935214957703,0.0166666666666667,2024-03-11
2024-06-06,0,0.101897458347949,0.00333333333333333,2024-03-11
2024-06-07,0,0.173904910022827,0.02,2024-03-11
2024-06-10,0,0.0914097480145891,0,2024-03-11
2024-06-11,0,0.0991724860646523,0,2024-06-10
2024-06-12,0,0.0893833620699148,0,2024-06-10
2024-06-13,0,0.0979030962878045,0,2024-06-10
2024-06-14,0,0.0710472977377697,0.0166666666666667,2024-06-10
2024-06-17,0,0.0931101156107563,0,2024-06-10
2024-06-18,0,0.0725353664696313,0,2024-06-10
2024-06-20,0,0.0954098695809086,0,2024-06-10
2024-06-21,0,0.109095533868923,0,2024-06-10
2024-06-24,0,0.0870582986409107,0.00666666666666667,2024-06-10
2024-06-25,0,0.11868344841947,0,2024-06-10
2024-06-26,0,0.121323337591702,0,2024-06-10
2024-06-27,0,0.091085191735395,0.00333333333333333,2024-06-10
2024-06-28,0,0.132604361237478,0,2024-06-10
2024-07-01,0,0.139856431551348,0.00666666666666667,2024-06-10
2024-07-02,0,0.102139311013026,0,2024-06-10
2024-07-03,0,0.0918385471321392,0.00333333333333333,2024-06-10
2024-07-05,0,0.0851231370302091,0.0166666666666667,2024-06-10
2024-07-08,0,0.0914096678686105,0.01,2024-06-10
2024-07-09,0,0.0964713571567465,0,2024-06-10
2024-07-10,0,0.0947940316527786,0.00333333333333333,2024-06-10
2024-07-11,0,0.0473589710811992,0.04,2024-06-10
2024-07-12,0,0.0956388190360968,0,2024-06-10
2024-07-15,0,0.078675469628324,0.0466666666666667,2024-06-10
2024-07-16,1,0.0403085854795151,0.04,2024-06-10
2024-07-17,0,0.0714519099133619,0.0266666666666667,2024-06-10
2024-07-18,0,0.0886576483189655,0.0233333333333333,2024-06-10
2024-07-19,0,0.0907336096571465,0.0133333333333333,2024-06-10
2024-07-22,0,0.0558206728964122,0.0266666666666667,2024-06-10
2024-07-23,0,0.0590004430757352,0.0466666666666667,2024-06-10
2024-07-24,0,0.139737081526089,0.0666666666666667,2024-06-10
2024-07-25,0,0.106313956108374,0.0466666666666667,2024-06-10
2024-07-26,0,0.0738167597987162,0.18,2024-06-10
2024-07-29,0,0.107261840484411,0.116666666666667,2024-06-10
2024-07-30,0,0.0954077361165824,0.106666666666667,2024-06-10
2024-07-31,0,0.0801351493850611,0.126666666666667,2024-06-10
2024-08-01,0,0.100069034483447,0.0533333333333333,2024-06-10
2024-08-02,0,0.142258928601008,0.14,2024-06-10
2024-08-05,0,0.301480503463136,0.433333333333333,2024-06-10
2024-08-06,0,0.138966536000972,0.136666666666667,2024-06-10
2024-08-07,0,0.15903915061596,0.17,2024-06-10
2024-08-08,0,0.106308534124063,0.0933333333333333,2024-06-10
2024-08-09,0,0.086387219353429,0.0833333333333333,2024-06-10
2024-08-12,0,0.089669324376246,0.07,2024-06-10
2024-08-13,0,0.0791715323492391,0.0766666666666667,2024-06-10
2024-08-14,0,0.07331375988388,0.0533333333333333,2024-06-10
2024-08-15,0,0.0883373828963008,0.0666666666666667,2024-06-10
2024-08-16,0,0.0640322325934436,0.0866666666666667,2024-06-10
2024-08-19,0,0.081729342137111,0.09,2024-06-10
2024-08-20,0,0.0774611616527825,0.0533333333333333,2024-06-10
2024-08-21,0,0.0757941420350516,0.0666666666666667,2024-06-10
2024-08-22,0,0.103631316640208,0.0433333333333333,2024-06-10
2024-08-23,0,0.0514510191263096,0.103333333333333,2024-06-10
2024-08-26,0,0.0701977868656148,0.0633333333333333,2024-06-10
2024-08-27,0,0.0789362171032427,0.0633333333333333,2024-06-10
2024-08-28,0,0.0928615050555187,0.0366666666666667,2024-06-10
2024-08-29,0,0.049890615300564,0.0533333333333333,2024-06-10
2024-08-30,0,0.0829659755910003,0.0966666666666667,2024-06-10
2024-09-03,0,0.122131337403891,0.123333333333333,2024-06-10
2024-09-04,0,0.10060117944468,0.03,2024-06-10
2024-09-05,0,0.0987084549409403,0.0233333333333333,2024-06-10
2024-09-06,0,0.177475806584295,0.04,2024-06-10
2024-09-09,0,0.100526749067759,0.03,2024-06-10
2024-09-10,0,0.103823335265675,0.03,2024-06-10
2024-09-11,0,0.112000815211621,0.0266666666666667,2024-09-10
2024-09-12,0,0.0829212200453979,0.00333333333333333,2024-09-10
2024-09-13,0,0.0763603227611962,0.02,2024-09-10
2024-09-16,0,0.0642461126230429,0,2024-09-10
2024-09-17,0,0.0861158895231028,0.00333333333333333,2024-09-10
2024-09-18,0,0.0817197440639924,0,2024-09-10
2024-09-19,0,0.0620514117783968,0.04,2024-09-10
2024-09-20,0,0.0594950125404758,0.0166666666666667,2024-09-10
2024-09-23,0,0.0670744169321735,0,2024-09-10
2024-09-24,0,0.052831423654658,0,2024-09-10
2024-09-25,0,0.0715858489197724,0.00666666666666667,2024-09-10
2024-09-26,0,0.059544175743715,0,2024-09-10
2024-09-27,0,0.0662378156297796,0,2024-09-10
2024-09-30,0,0.0682130150472639,0.00333333333333333,2024-09-10
2024-10-01,0,0.0642801476832053,0.0133333333333333,2024-09-10
2024-10-02,0,0.0774847304542098,0,2024-09-10
2024-10-03,0,0.101527246102314,0,2024-09-10
2024-10-04,0,0.0944771742231245,0.00333333333333333,2024-09-10
2024-10-07,0,0.127178891804957,0,2024-09-10
2024-10-08,0,0.111968814191523,0,2024-09-10
2024-10-09,0,0.101076532631278,0,2024-09-10
2024-10-10,0,0.0918965224734547,0.01,2024-09-10
2024-10-11,0,0.0759071725609297,0,2024-09-10
2024-10-14,0,0.0867951678824803,0,2024-09-10
2024-10-15,0,0.0698089497613264,0,2024-09-10
2024-10-16,0,0.0656337719224043,0,2024-09-10
2024-10-17,0,0.0768701787170195,0,2024-09-10
2024-10-18,0,0.0566241262708262,0,2024-09-10
2024-10-21,0,0.0788366973089742,0,2024-09-10
2024-10-22,0,0.0444188461386271,0,2024-09-10
2024-10-23,0,0.0577107809946023,0.01,2024-09-10
2024-10-24,0,0.0521611057714434,0.00333333333333333,2024-09-10
2024-10-25,0,0.0672852691959842,0.00333333333333333,2024-09-10
2024-10-28,0,0.0452734201576868,0.00666666666666667,2024-09-10
2024-10-29,0,0.0596925339903943,0,2024-09-10
2024-10-30,0,0.0524091845102704,0,2024-09-10
2024-10-31,0,0.0699516636043539,0,2024-09-10
2024-11-01,0,0.0525841986116722,0.03,2024-09-10
2024-11-04,0,0.033718174354676,0.03,2024-09-10
2024-11-05,0,0.0339307339366074,0.0133333333333333,2024-09-10
2024-11-06,0,0.0690665043940087,0.276666666666667,2024-09-10
2024-11-07,0,0.0363667070723826,0.0333333333333333,2024-09-10
2024-11-08,0,0.0411836670519451,0.0166666666666667,2024-09-10
2024-11-11,0,0.0656951240480792,0.0166666666666667,2024-09-10
2024-11-12,0,0.0666850421696543,0.0566666666666667,2024-09-10
2024-11-13,0,0.0849119068139548,0.0333333333333333,2024-09-10
2024-11-14,0,0.0736969333385498,0.01,2024-09-10
2024-11-15,0,0.108438580687005,0.00666666666666667,2024-09-10
2024-11-18,0,0.0746544888594147,0.00666666666666667,2024-09-10
2024-11-19,0,0.092696056244644,0,2024-09-10
2024-11-20,0,0.0896964702105771,0,2024-09-10
2024-11-21,0,0.0924313638194648,0,2024-09-10
2024-11-22,0,0.0741499056484877,0.00333333333333333,2024-09-10
2024-11-25,0,0.0900284616505667,0.00666666666666667,2024-09-10
2024-11-26,0,0.0919298855452402,0.0233333333333333,2024-09-10
2024-11-27,0,0.0752185712516041,0.02,2024-09-10
2024-11-29,0,0.0868526388290657,0.01,2024-09-10
2024-12-02,0,0.0947586899145732,0.0133333333333333,2024-09-10
2024-12-03,0,0.0893144190195147,0.0133333333333333,2024-09-10
2024-12-04,0,0.07923349997505,0.00666666666666667,2024-09-10
2024-12-05,0,0.0635493081594781,0.0166666666666667,2024-09-10
2024-12-06,0,0.0401378165220916,0.00666666666666667,2024-09-10
2024-12-09,0,0.0405693964412229,0,2024-09-10
2024-12-10,0,0.0383937917761595,0.01,2024-12-09
2024-12-11,0,0.0505252542366425,0.01,2024-12-09
2024-12-12,0,0.0688712403813125,0.00666666666666667,2024-12-09
2024-12-13,0,0.0702365762588051,0.00333333333333333,2024-12-09
2024-12-16,0,0.0571812752087594,0.0166666666666667,2024-12-09
2024-12-17,0,0.0585076752890461,0.00666666666666667,2024-12-09
2024-12-18,0,0.190989765293224,0.0666666666666667,2024-12-09
2024-12-19,0,0.155644292467584,0,2024-12-09
2024-12-20,0,0.076994204241201,0,2024-12-09
2024-12-23,0,0.109393344274312,0,2024-12-09
2024-12-24,0,0.086557637259502,0.01,2024-12-09
2024-12-26,0,0.0853810771518872,0,2024-12-09
2024-12-27,0,0.111552300729862,0,2024-12-09
2024-12-30,0,0.105834379681273,0.00333333333333333,2024-12-09
2024-12-31,0,0.0906040079136302,0.00333333333333333,2024-12-09
2025-01-02,0,0.0819174178245895,0,2024-12-09
2025-01-03,0,0.0844312357210345,0.00666666666666667,2024-12-09
2025-01-06,0,0.0878687585262141,0,2024-12-09
2025-01-07,0,0.079457493694821,0.00333333333333333,2024-12-09
2025-01-08,0,0.0774684077359694,0.00333333333333333,2024-12-09
2025-01-10,0,0.106889333658207,0.01,2024-12-09
2025-01-13,0,0.101843895887551,0.00333333333333333,2024-12-09
2025-01-14,0,0.0806780127766717,0.00666666666666667,2024-12-09
2025-01-15,0,0.0709784746064047,0.0266666666666667,2024-12-09
2025-01-16,0,0.0712147439902051,0.02,2024-12-09
2025-01-17,0,0.0885969865160052,0.0133333333333333,2024-12-09
2025-01-21,0,0.0512423101134439,0.0433333333333333,2024-12-09
2025-01-22,0,0.0798544763751139,0,2024-12-09
2025-01-23,0,0.0714600301210657,0.01,2024-12-09
2025-01-24,0,0.0525780208376169,0.0166666666666667,2024-12-09
2025-01-27,0,0.0584070193354964,0.02,2024-12-09
2025-01-28,0,0.0493937835172165,0.01,2024-12-09
2025-01-29,0,0.0533881725018314,0,2024-12-09
2025-01-30,0,0.0461969835302805,0.00333333333333333,2024-12-09
2025-01-31,0,0.0706299901849923,0.00333333333333333,2024-12-09
2025-02-03,0,0.062360209244415,0,2024-12-09
2025-02-04,0,0.0476408349561007,0,2024-12-09
2025-02-05,0,0.0376848687204018,0.0133333333333333,2024-12-09
2025-02-06,0,0.045598266007671,0,2024-12-09
2025-02-07,0,0.0631114272425156,0.00333333333333333,2024-12-09
2025-02-10,1,0.0801555383639365,0,2024-12-09
2025-02-11,1,0.118059785927344,0.00666666666666667,2024-12-09
2025-02-12,1,0.134761307906685,0.00333333333333333,2024-12-09
2025-02-13,1,0.100291114385924,0.00333333333333333,2024-12-09
2025-02-14,1,0.0992114621250251,0,2024-12-09
2025-02-18,1,0.0863324210332225,0.00666666666666667,2024-12-09
2025-02-19,1,0.0735337503671954,0,2024-12-09
2025-02-20,1,0.0581466909936828,0,2024-12-09
2025-02-21,1,0.0726146753648135,0.00333333333333333,2024-12-09
2025-02-24,0,0.0679042739179446,0.00333333333333333,2024-12-09
2025-02-25,0,0.0736747573380944,0,2024-12-09
2025-02-26,0,0.0766257705283993,0,2024-12-09
2025-02-27,0,0.111731028789219,0.01,2024-12-09
2025-02-28,0,0.10002415866998,0.0266666666666667,2024-12-09
2025-03-03,0,0.106555700116172,0.00333333333333333,2024-12-09
2025-03-04,0,0.13267651362109,0.01,2024-12-09
2025-03-05,0,0.136524371769983,0.01,2024-12-09
2025-03-06,1,0.166492395226915,0.0166666666666667,2024-12-09
2025-03-07,1,0.130080430401641,0.01,2024-12-09
2025-03-10,1,0.177131847642273,0.12,2024-12-09
2025-03-11,1,0.17533069139544,0.123333333333333,2024-12-09
2025-03-12,1,0.161401097022807,0.126666666666667,2024-12-09
2025-03-13,1,0.130613427782407,0.1,2024-12-09
2025-03-14,1,0.156742645831421,0.32,2025-03-13
2025-03-17,1,0.119865732940822,0.26,2025-03-13
2025-03-18,1,0.115444200334248,0.27,2025-03-13
2025-03-19,1,0.0980789905391454,0.213333333333333,2025-03-13
2025-03-20,1,0.0994932821289551,0.246666666666667,2025-03-13
2025-03-21,1,0.104004688115253,0.24,2025-03-13
2025-03-24,1,0.064364651115334,0.09,2025-03-13
2025-03-25,1,0.0591730919562532,0.0666666666666667,2025-03-13
2025-03-26,1,0.077418952902829,0.0566666666666667,2025-03-13
2025-03-27,1,0.0776739350716016,0.0866666666666667,2025-03-13
2025-03-28,1,0.114613575926813,0.25,2025-03-13
2025-03-31,1,0.091262540278053,0.173333333333333,2025-03-13
2025-04-01,1,0.0863862756301158,0.19,2025-03-13
2025-04-02,1,0.069185791412339,0.11,2025-03-13
2025-04-03,0,0.159607980135932,0.543333333333333,2025-03-13
2025-04-04,0,0.273248405362635,0.58,2025-03-13
2025-04-07,0,0.402457736494826,0.276666666666667,2025-03-13
2025-04-08,0,0.454244550703384,0.406666666666667,2025-03-13
2025-04-09,0,0.230579843043121,0.363333333333333,2025-03-13
2025-04-10,0,0.33775491461242,0.346666666666667,2025-03-13
2025-04-11,0,0.23981258970607,0.136666666666667,2025-03-13
2025-04-14,0,0.156969903888956,0.213333333333333,2025-03-13
2025-04-15,0,0.169300106393301,0.176666666666667,2025-03-13
2025-04-16,0,0.22075069404569,0.0633333333333333,2025-03-13
2025-04-17,0,0.251771869328158,0.0233333333333333,2025-03-13
2025-04-21,0,0.313719137789625,0.07,2025-03-13
2025-04-22,0,0.299986656308882,0.103333333333333,2025-03-13
2025-04-23,0,0.240629705761157,0.0433333333333333,2025-03-13
2025-04-24,0,0.166801199183754,0.17,2025-03-13
2025-04-25,0,0.173533146684938,0.0833333333333333,2025-03-13
2025-04-28,0,0.126560112642313,0.22,2025-03-13
2025-04-29,0,0.174864215505664,0.216666666666667,2025-03-13
2025-04-30,0,0.186868330966283,0.223333333333333,2025-03-13
2025-05-01,0,0.183679791828919,0.163333333333333,2025-03-13
2025-05-02,0,0.125334884400976,0.253333333333333,2025-03-13
2025-05-05,0,0.13773449641912,0.21,2025-03-13
2025-05-06,0,0.21620372067497,0.116666666666667,2025-03-13
2025-05-07,0,0.300781898408266,0.113333333333333,2025-03-13
2025-05-08,0,0.395789374016634,0.103333333333333,2025-03-13
2025-05-09,0,0.0443427506144166,0.14,2025-03-13
2025-05-12,0,0.0628140283223677,0.183333333333333,2025-03-13
2025-05-13,0,0.0491948993518188,0.126666666666667,2025-03-13
2025-05-14,0,0.0599819727034707,0.13,2025-03-13
2025-05-15,0,0.0489535080927121,0.0933333333333333,2025-03-13
2025-05-16,0,0.0804258004363776,0.166666666666667,2025-03-13
2025-05-19,0,0.0947464585034789,0.11,2025-03-13
2025-05-20,0,0.124334577286705,0.0866666666666667,2025-03-13
2025-05-21,0,0.155616677332704,0.163333333333333,2025-03-13
2025-05-22,0,0.0995784601081342,0.0933333333333333,2025-03-13
2025-05-23,0,0.0759001713102482,0.103333333333333,2025-03-13
2025-05-27,0,0.0642424135327174,0.163333333333333,2025-03-13
2025-05-28,0,0.0897922489196372,0.0766666666666667,2025-03-13
2025-05-29,0,0.0615250480764719,0.0866666666666667,2025-03-13
2025-05-30,0,0.0985754772803791,0.09,2025-03-13
2025-06-02,0,0.0690116744338195,0.08,2025-03-13
2025-06-03,0,0.050944328401485,0.09,2025-03-13
2025-06-04,0,0.0542216229330487,0.0766666666666667,2025-03-13
2025-06-05,0,0.0532145276254771,0.09,2025-03-13
2025-06-06,0,0.0641335439472928,0.126666666666667,2025-03-13
2025-06-09,0,0.0347612042001327,0.103333333333333,2025-03-13
2025-06-10,0,0.0232513280923052,0.213333333333333,2025-03-13
2025-06-11,0,0.011880158567602,0.203333333333333,2025-03-13
2025-06-12,0,0.00822756641699167,0.17,2025-03-13
2025-06-13,0,0.0261627631944184,0.1,2025-06-12
2025-06-16,0,0.0254733159997483,0.123333333333333,2025-06-12
2025-06-17,0,0.0210144217907725,0.103333333333333,2025-06-12
2025-06-18,0,0.024024319599848,0.103333333333333,2025-06-12
2025-06-20,0,0.0259365297734752,0.113333333333333,2025-06-12
2025-06-23,0,0.0235505536744888,0.0766666666666667,2025-06-12
2025-06-24,0,0.028568561719523,0.09,2025-06-12
2025-06-25,0,0.0339138616203376,0.0433333333333333,2025-06-12
2025-06-26,0,0.0187679412113792,0.0533333333333333,2025-06-12
2025-06-27,0,0.0220925720855126,0.07,2025-06-12
2025-06-30,0,0.011961092870908,0.05,2025-06-12
2025-07-01,0,0.0126443712704993,0.06,2025-06-12
2025-07-02,0,0.0137671884956446,0.07,2025-06-12
2025-07-03,0,0.0159176854917801,0.246666666666667,2025-06-12
2025-07-07,0,0.00868368685927531,0.07,2025-06-12
2025-07-08,0,0.00329591325188696,0.0666666666666667,2025-06-12
2025-07-09,0,0.00243239152405899,0.05,2025-06-12
2025-07-10,0,0.0019035071002783,0.07,2025-06-12
2025-07-11,0,0.0298532946091453,0.01,2025-06-12
2025-07-14,0,0.0157353703684948,0,2025-06-12
2025-07-15,0,0.0258476049078796,0,2025-06-12
2025-07-16,0,0.0242349074741426,0.00333333333333333,2025-06-12
2025-07-17,0,0.0205646541214646,0,2025-06-12
2025-07-18,0,0.014996184459515,0,2025-06-12
2025-07-21,0,0.0140796371067513,0.01,2025-06-12
2025-07-22,0,0.00900010430447285,0.00333333333333333,2025-06-12
2025-07-23,0,0.0155847028282465,0.00666666666666667,2025-06-12
2025-07-24,0,0.0209838215453122,0.00666666666666667,2025-06-12
2025-07-25,0,0.0267150198159966,0.00333333333333333,2025-06-12
2025-07-28,0,0.029092365538423,0.00333333333333333,2025-06-12
2025-07-29,0,0.0262982676296494,0.01,2025-06-12
2025-07-30,0,0.0349915939201482,0.00333333333333333,2025-06-12
2025-07-31,0,0.0318801902961885,0.00333333333333333,2025-06-12
2025-08-01,0,0.0405296912099662,0.1,2025-06-12
2025-08-04,0,0.0444735958209394,0.0366666666666667,2025-06-12
2025-08-05,0,0.0412001009469415,0.0133333333333333,2025-06-12
2025-08-06,0,0.0419890798561565,0.00333333333333333,2025-06-12
2025-08-07,0,0.0376823662233126,0.0233333333333333,2025-06-12
2025-08-08,0,0.040415633030201,0.00333333333333333,2025-06-12
2025-08-11,0,0.03838979806923,0.0233333333333333,2025-06-12
2025-08-12,0,0.0582333275913594,0.0233333333333333,2025-06-12
2025-08-13,0,0.0587612191863832,0.00333333333333333,2025-06-12
2025-08-14,0,0.0838558193811947,0.00666666666666667,2025-06-12
2025-08-15,0,0.0785184186386404,0.00666666666666667,2025-06-12
2025-08-18,0,0.0809644033785716,0.00333333333333333,2025-06-12
2025-08-19,0,0.0905593516689024,0.00333333333333333,2025-06-12
2025-08-20,0,0.0832406183608299,0.0133333333333333,2025-06-12
2025-08-21,0,0.0694431808296599,0.0266666666666667,2025-06-12
2025-08-22,0,0.0443104403814093,0.0533333333333333,2025-06-12
2025-08-25,0,0.0566813086703066,0,2025-06-12
2025-08-26,0,0.0719822371863782,0.273333333333333,2025-06-12
2025-08-27,0,0.0653959045401761,0.263333333333333,2025-06-12
2025-08-28,0,0.0644091337793659,0.29,2025-06-12
2025-08-29,0,0.071052848521167,0.24,2025-06-12
2025-09-02,0,0.0802979398458913,0.17,2025-06-12
2025-09-03,0,0.0735024422462772,0.0466666666666667,2025-06-12
2025-09-04,0,0.0676825331987981,0.00666666666666667,2025-06-12
2025-09-05,0,0.0515247822546059,0.0566666666666667,2025-06-12
2025-09-08,0,0.0658273885365173,0.113333333333333,2025-06-12
2025-09-09,0,0.077790498158568,0.06,2025-06-12
2025-09-10,0,0.0738910178894004,0.0566666666666667,2025-06-12
2025-09-11,0,0.0535704347558724,0.0466666666666667,2025-06-12
2025-09-12,0,0.0666182758189196,0.0466666666666667,2025-06-12
2025-09-15,0,0.0462320075787188,0.06,2025-09-12
2025-09-16,0,0.0563539794222485,0.0233333333333333,2025-09-12
2025-09-17,0,0.0483476768876021,0.02,2025-09-12
2025-09-18,0,0.0454266859300987,0.04,2025-09-12
2025-09-19,0,0.0485846523444111,0.0266666666666667,2025-09-12
2025-09-22,0,0.0511248525938851,0.106666666666667,2025-09-12
2025-09-23,0,0.051907851988198,0.0433333333333333,2025-09-12
2025-09-24,0,0.0667169548155511,0.05,2025-09-12
2025-09-25,0,0.074783926931241,0.03,2025-09-12
2025-09-26,0,0.0704688781255782,0.04,2025-09-12
2025-09-29,0,0.0719197882183418,0.05,2025-09-12
2025-09-30,0,0.0760893176152218,0.01,2025-09-12
2025-10-01,0,0.0794253905075936,0.0233333333333333,2025-09-12
2025-10-02,0,0.0868776475092564,0.0133333333333333,2025-09-12
2025-10-03,0,0.0683444078539456,0.00666666666666667,2025-09-12
2025-10-06,0,0.0712076763933221,0.106666666666667,2025-09-12
2025-10-07,0,0.0848765163614802,0.0133333333333333,2025-09-12
2025-10-08,0,0.0761216905675141,0.04,2025-09-12
2025-10-09,0,0.0891695907329022,0.0466666666666667,2025-09-12
2025-10-10,0,0.110892105602897,0.123333333333333,2025-09-12
2025-10-13,0,0.0831046314207434,0.0433333333333333,2025-09-12
2025-10-14,0,0.0921450417261152,0.00333333333333333,2025-09-12
2025-10-15,0,0.102139358077124,0.03,2025-09-12
2025-10-16,0,0.120492634589463,0.0233333333333333,2025-09-12
2025-10-17,0,0.119907082506199,0.02,2025-09-12
2025-10-20,0,0.0687588733210873,0.02,2025-09-12
2025-10-21,0,0.132726574103885,0.01,2025-09-12
2025-10-22,0,0.115988830495318,0.0533333333333333,2025-09-12
2025-10-23,0,0.108303818118774,0.0833333333333333,2025-09-12
2025-10-24,0,0.10392542314631,0.07,2025-09-12
2025-10-27,0,0.101396357209132,0.0333333333333333,2025-09-12
2025-10-28,0,0.0898629323778383,0.0133333333333333,2025-09-12
2025-10-29,0,0.0867092377205073,0.02,2025-09-12
2025-10-30,0,0.0579038203481079,0.0666666666666667,2025-09-12
2025-10-31,0,0.0883633112462221,0.01,2025-09-12
2025-11-03,0,0.07891108667697,0.06,2025-09-12
2025-11-04,0,0.104918732057092,0.01,2025-09-12
2025-11-05,0,0.0844631540436023,0.0233333333333333,2025-09-12
2025-11-06,0,0.113907276681817,0.01,2025-09-12
2025-11-07,0,0.105180056754917,0,2025-09-12
2025-11-10,0,0.099070003053994,0.0266666666666667,2025-09-12
2025-11-11,0,0.0923730148574771,0.00333333333333333,2025-09-12
2025-11-12,0,0.0910902284185133,0,2025-09-12
2025-11-13,0,0.13200434684264,0.0633333333333333,2025-09-12
2025-11-14,0,0.122920672214845,0.0133333333333333,2025-09-12
2025-11-17,0,0.131340209739982,0,2025-09-12
2025-11-18,0,0.100852065584042,0.00666666666666667,2025-09-12
2025-11-19,0,0.104506952951082,0.00666666666666667,2025-09-12
2025-11-20,0,0.156604989754655,0.0133333333333333,2025-09-12
2025-11-21,0,0.108356558606457,0.00666666666666667,2025-09-12
2025-11-24,0,0.0941841100222216,0.04,2025-09-12
2025-11-25,0,0.0808321408123804,0.00666666666666667,2025-09-12
2025-11-26,0,0.0768602295914734,0.353333333333333,2025-09-12
2025-11-28,0,0.0668019256370768,0.383333333333333,2025-09-12
2025-12-01,0,0.0700563683902633,0.48,2025-09-12
2025-12-02,0,0.069705478991969,0.426666666666667,2025-09-12
2025-12-03,0,0.063318998243184,0.35,2025-09-12
2025-12-04,0,0.0647735407888932,0.42,2025-09-12
2025-12-05,0,0.0725392043970162,0.393333333333333,2025-09-12
2025-12-08,0,0.0734172113802167,0.0933333333333333,2025-09-12
2025-12-09,0,0.0739993231188707,0.05,2025-09-12
2025-12-10,0,0.0650166101852864,0.00333333333333333,2025-09-12
2025-12-11,0,0.0607502764192546,0.00333333333333333,2025-09-12
2025-12-12,0,0.0815124507798264,0.04,2025-12-11
2025-12-15,0,0.0834597772117029,0.0366666666666667,2025-12-11
2025-12-16,0,0.0792422800535743,0.02,2025-12-11
2025-12-17,0,0.0967876095299248,0.02,2025-12-11
2025-12-18,0,0.107848837802618,0.0533333333333333,2025-12-11
2025-12-19,0,0.108913064416464,0.0833333333333333,2025-12-11
2025-12-22,0,0.0824715675261375,0.0633333333333333,2025-12-11
2025-12-23,0,0.0859037337305828,0.05,2025-12-11
2025-12-24,0,0.0652514182040943,0.01,2025-12-11
2025-12-26,0,0.0670918077466988,0.0333333333333333,2025-12-11
2025-12-29,0,0.0821132237172656,0.05,2025-12-11
2025-12-30,0,0.0756733913038405,0.0366666666666667,2025-12-11
2025-12-31,0,0.0903603691122702,0.0266666666666667,2025-12-11
2026-01-02,0,0.078535257954606,0.02,2025-12-11
2026-01-05,0,0.0665840039134291,0.04,2025-12-11
2026-01-06,0,0.0719413319542694,0.02,2025-12-11
2026-01-07,0,0.0756053385024187,0.03,2025-12-11
2026-01-08,0,0.077181371493336,0.0566666666666667,2025-12-11
2026-01-09,0,0.0716510603197345,0.01,2025-12-11
2026-01-12,0,0.0477141217476747,0.01,2025-12-11
2026-01-13,0,0.0694014166942204,0.00666666666666667,2025-12-11
2026-01-14,0,0.0603735274742728,0.02,2025-12-11
2026-01-15,0,0.0736619042356137,0.0133333333333333,2025-12-11
2026-01-16,0,0.0746643762198858,0.00666666666666667,2025-12-11
2026-01-20,0,0.0966228710347266,0.0666666666666667,2025-12-11
2026-01-21,0,0.0911616865801739,0.02,2025-12-11
2026-01-22,0,0.0884880204658387,0.0166666666666667,2025-12-11
2026-01-23,0,0.099716991888986,0.01,2025-12-11
2026-01-26,0,0.0912357381871425,0.02,2025-12-11
2026-01-27,0,0.0950921436227664,0.05,2025-12-11
2026-01-28,0,0.105090166365892,0.0633333333333333,2025-12-11
2026-01-29,0,0.124135801611352,0.03,2025-12-11
2026-01-30,0,0.230059227010318,0.0166666666666667,2025-12-11
2026-02-02,0,0.127109043349574,0.0533333333333333,2025-12-11
2026-02-03,0,0.092286069768824,0.01,2025-12-11
2026-02-04,0,0.144045588779134,0.01,2025-12-11
2026-02-05,0,0.147785696443579,0.02,2025-12-11
2026-02-06,0,0.0955927703291594,0.0433333333333333,2025-12-11
2026-02-09,0,0.0832388709590757,0.0233333333333333,2025-12-11
2026-02-10,0,0.0945975856063879,0,2025-12-11
2026-02-11,0,0.124577268641151,0.0166666666666667,2025-12-11
2026-02-12,0,0.168447868486083,0.0633333333333333,2025-12-11
2026-02-13,0,0.126973676676303,0.00333333333333333,2025-12-11
2026-02-17,0,0.134791872660232,0.00333333333333333,2025-12-11
2026-02-18,0,0.109799984355043,0.0166666666666667,2025-12-11
2026-02-19,0,0.0957087256570735,0.00666666666666667,2025-12-11
2026-02-20,0,0.0746552215141761,0.0133333333333333,2025-12-11
2026-02-23,0,0.077557376887657,0.00666666666666667,2025-12-11
2026-02-24,0,0.0655446981531765,0.00666666666666667,2025-12-11
2026-02-25,0,0.067929180752669,0.0133333333333333,2025-12-11
2026-02-26,0,0.0735196139536594,0.00333333333333333,2025-12-11
2026-02-27,0,0.110093607531447,0,2025-12-11
2026-03-02,0,0.111921515016401,0.00333333333333333,2025-12-11
2026-03-03,0,0.18241494853764,0.01,2025-12-11
2026-03-04,0,0.1136178817682,0.02,2025-12-11
2026-03-05,0,0.161628055202909,0,2025-12-11
2026-03-06,0,0.179816308402375,0.02,2025-12-11
2026-03-09,0,0.131903043859611,0.01,2025-12-11
2026-03-10,0,0.137176638324984,0.00333333333333333,2025-12-11
2026-03-11,0,0.124188648886813,0.00666666666666667,2025-12-11
2026-03-12,0,0.163606514110131,0.0266666666666667,2025-12-11
2026-03-13,0,0.173384674496854,0.00333333333333333,2025-12-11
2026-03-16,0,0.140513517736783,0.0133333333333333,2025-12-11
